environment,approach,seed,episode,value
tiger,hardcoded,0,0,0.9411919713020325
tiger,hardcoded,0,1,0.9411919713020325
tiger,hardcoded,0,2,0.9411919713020325
tiger,hardcoded,0,3,0.9039207696914673
tiger,hardcoded,0,4,0.9411919713020325
tiger,hardcoded,0,5,0.9411919713020325
tiger,hardcoded,0,6,0.9411919713020325
tiger,hardcoded,0,7,0.9411919713020325
tiger,hardcoded,0,8,0.9411919713020325
tiger,hardcoded,0,9,0.9411919713020325
tiger,hardcoded,1,0,0.9039207696914673
tiger,hardcoded,1,1,0.9411919713020325
tiger,hardcoded,1,2,0.9411919713020325
tiger,hardcoded,1,3,0.9223681688308716
tiger,hardcoded,1,4,0.9411919713020325
tiger,hardcoded,1,5,0.9411919713020325
tiger,hardcoded,1,6,0.8507630228996277
tiger,hardcoded,1,7,0.9411919713020325
tiger,hardcoded,1,8,0.9411919713020325
tiger,hardcoded,1,9,0.9411919713020325
tiger,hardcoded,2,0,0.9411919713020325
tiger,hardcoded,2,1,0.9411919713020325
tiger,hardcoded,2,2,0.8681255578994751
tiger,hardcoded,2,3,0.9411919713020325
tiger,hardcoded,2,4,0.9411919713020325
tiger,hardcoded,2,5,0.9411919713020325
tiger,hardcoded,2,6,0.9039207696914673
tiger,hardcoded,2,7,0.9411919713020325
tiger,hardcoded,2,8,0.8681255578994751
tiger,hardcoded,2,9,0.9039207696914673
tiger,hardcoded,3,0,0.8337477445602417
tiger,hardcoded,3,1,0.9039207696914673
tiger,hardcoded,3,2,0.9411919713020325
tiger,hardcoded,3,3,0.9039207696914673
tiger,hardcoded,3,4,0.9411919713020325
tiger,hardcoded,3,5,0.9411919713020325
tiger,hardcoded,3,6,0.9039207696914673
tiger,hardcoded,3,7,0.9039207696914673
tiger,hardcoded,3,8,0.9411919713020325
tiger,hardcoded,3,9,0.9411919713020325
tiger,hardcoded,4,0,0.9411919713020325
tiger,hardcoded,4,1,0.9411919713020325
tiger,hardcoded,4,2,0.9411919713020325
tiger,hardcoded,4,3,0.8681255578994751
tiger,hardcoded,4,4,0.9411919713020325
tiger,hardcoded,4,5,0.9411919713020325
tiger,hardcoded,4,6,0.9411919713020325
tiger,hardcoded,4,7,0.9039207696914673
tiger,hardcoded,4,8,0.800731360912323
tiger,hardcoded,4,9,0.9039207696914673
tiger,hardcoded,5,0,0.9039207696914673
tiger,hardcoded,5,1,0.9411919713020325
tiger,hardcoded,5,2,0.9411919713020325
tiger,hardcoded,5,3,0.9411919713020325
tiger,hardcoded,5,4,0.9411919713020325
tiger,hardcoded,5,5,0.9411919713020325
tiger,hardcoded,5,6,0.9411919713020325
tiger,hardcoded,5,7,0.9039207696914673
tiger,hardcoded,5,8,0.9039207696914673
tiger,hardcoded,5,9,0.9411919713020325
tiger,hardcoded,6,0,0.9411919713020325
tiger,hardcoded,6,1,0.9411919713020325
tiger,hardcoded,6,2,0.9411919713020325
tiger,hardcoded,6,3,0.9411919713020325
tiger,hardcoded,6,4,0.9039207696914673
tiger,hardcoded,6,5,0.9411919713020325
tiger,hardcoded,6,6,0.9411919713020325
tiger,hardcoded,6,7,0.8337477445602417
tiger,hardcoded,6,8,0.9411919713020325
tiger,hardcoded,6,9,0.9411919713020325
tiger,hardcoded,7,0,0.8681255578994751
tiger,hardcoded,7,1,0.9039207696914673
tiger,hardcoded,7,2,0.9411919713020325
tiger,hardcoded,7,3,0.9411919713020325
tiger,hardcoded,7,4,0.9039207696914673
tiger,hardcoded,7,5,0.9411919713020325
tiger,hardcoded,7,6,0.9411919713020325
tiger,hardcoded,7,7,0.9411919713020325
tiger,hardcoded,7,8,0.9411919713020325
tiger,hardcoded,7,9,0.9411919713020325
tiger,hardcoded,8,0,0.9411919713020325
tiger,hardcoded,8,1,0.9039207696914673
tiger,hardcoded,8,2,0.9411919713020325
tiger,hardcoded,8,3,0.8681255578994751
tiger,hardcoded,8,4,0.9411919713020325
tiger,hardcoded,8,5,0.9411919713020325
tiger,hardcoded,8,6,0.9411919713020325
tiger,hardcoded,8,7,0.9039207696914673
tiger,hardcoded,8,8,0.9411919713020325
tiger,hardcoded,8,9,0.9039207696914673
tiger,hardcoded,9,0,0.9411919713020325
tiger,hardcoded,9,1,0.9411919713020325
tiger,hardcoded,9,2,0.9411919713020325
tiger,hardcoded,9,3,0.8681255578994751
tiger,hardcoded,9,4,0.9411919713020325
tiger,hardcoded,9,5,0.7690224051475525
tiger,hardcoded,9,6,0.9411919713020325
tiger,hardcoded,9,7,0.9411919713020325
tiger,hardcoded,9,8,0.8337477445602417
tiger,hardcoded,9,9,0.9411919713020325
tiger,ours,0,0,0.9039207696914673
tiger,ours,0,1,0.9223681688308716
tiger,ours,0,2,0.8507630228996277
tiger,ours,0,3,0.8507630228996277
tiger,ours,0,4,0.9223681688308716
tiger,ours,0,5,0.9223681688308716
tiger,ours,0,6,0.9223681688308716
tiger,ours,0,7,0.8681255578994751
tiger,ours,0,8,0.9223681688308716
tiger,ours,0,9,0.9223681688308716
tiger,ours,1,0,0.9603999853134155
tiger,ours,1,1,0.9223681688308716
tiger,ours,1,2,0.9411919713020325
tiger,ours,1,3,0.9223681688308716
tiger,ours,1,4,0.9223681688308716
tiger,ours,1,5,0.9039207696914673
tiger,ours,1,6,0.9603999853134155
tiger,ours,1,7,0.9411919713020325
tiger,ours,1,8,0.9039207696914673
tiger,ours,1,9,0.9411919713020325
tiger,ours,2,0,0.9603999853134155
tiger,ours,2,1,0.9603999853134155
tiger,ours,2,2,0.9603999853134155
tiger,ours,2,3,0.9603999853134155
tiger,ours,2,4,0.9603999853134155
tiger,ours,2,5,0.9603999853134155
tiger,ours,2,6,0.9603999853134155
tiger,ours,2,7,0.9603999853134155
tiger,ours,2,8,0.9603999853134155
tiger,ours,2,9,0.9603999853134155
tiger,ours,3,0,0.9223681688308716
tiger,ours,3,1,0.9411919713020325
tiger,ours,3,2,0.9039207696914673
tiger,ours,3,3,0.9223681688308716
tiger,ours,3,4,0.9411919713020325
tiger,ours,3,5,0.8681255578994751
tiger,ours,3,6,0.9039207696914673
tiger,ours,3,7,0.9039207696914673
tiger,ours,3,8,0.9411919713020325
tiger,ours,3,9,0.9411919713020325
tiger,ours,4,0,0.9411919713020325
tiger,ours,4,1,0.9411919713020325
tiger,ours,4,2,0.9039207696914673
tiger,ours,4,3,0.9411919713020325
tiger,ours,4,4,0.9411919713020325
tiger,ours,4,5,0.9411919713020325
tiger,ours,4,6,0.9223681688308716
tiger,ours,4,7,0.9411919713020325
tiger,ours,4,8,0.9411919713020325
tiger,ours,4,9,0.8681255578994751
tiger,ours,5,0,0.7847167253494263
tiger,ours,5,1,0.7536419630050659
tiger,ours,5,2,0.7385690808296204
tiger,ours,5,3,0.0
tiger,ours,5,4,0.9603999853134155
tiger,ours,5,5,0.9411919713020325
tiger,ours,5,6,0.8507630228996277
tiger,ours,5,7,0.7385690808296204
tiger,ours,5,8,1.0
tiger,ours,5,9,0.8507630228996277
tiger,ours,6,0,0.9223681688308716
tiger,ours,6,1,0.8858423829078674
tiger,ours,6,2,0.7690224051475525
tiger,ours,6,3,0.8681255578994751
tiger,ours,6,4,0.9223681688308716
tiger,ours,6,5,0.9039207696914673
tiger,ours,6,6,0.8681255578994751
tiger,ours,6,7,0.8858423829078674
tiger,ours,6,8,0.800731360912323
tiger,ours,6,9,0.6951353549957275
tiger,ours,9,0,0.6812326312065125
tiger,ours,9,1,0.7690224051475525
tiger,ours,9,2,0.7385690808296204
tiger,ours,9,3,0.6951353549957275
tiger,ours,9,4,0.7093217372894287
tiger,ours,9,5,0.7536419630050659
tiger,ours,9,6,0.7690224051475525
tiger,ours,9,7,0.6951353549957275
tiger,ours,9,8,0.9039207696914673
tiger,ours,9,9,0.7093217372894287
tiger,ours,8,0,0.0
tiger,ours,8,1,0.9411919713020325
tiger,ours,8,2,0.9411919713020325
tiger,ours,8,3,0.9411919713020325
tiger,ours,8,4,0.8858423829078674
tiger,ours,8,5,0.9039207696914673
tiger,ours,8,6,0.9411919713020325
tiger,ours,8,7,0.8507630228996277
tiger,ours,8,8,0.9223681688308716
tiger,ours,8,9,0.8507630228996277
tiger,ours,7,0,0.9411919713020325
tiger,ours,7,1,0.9411919713020325
tiger,ours,7,2,0.9411919713020325
tiger,ours,7,3,0.9039207696914673
tiger,ours,7,4,0.9411919713020325
tiger,ours,7,5,0.9039207696914673
tiger,ours,7,6,0.9411919713020325
tiger,ours,7,7,0.8681255578994751
tiger,ours,7,8,0.9411919713020325
tiger,ours,7,9,0.9039207696914673
tiger,tabular,0,0,1.0
tiger,tabular,0,1,1.0
tiger,tabular,0,2,0.0
tiger,tabular,0,3,0.0
tiger,tabular,0,4,0.0
tiger,tabular,0,5,1.0
tiger,tabular,0,6,1.0
tiger,tabular,0,7,0.0
tiger,tabular,0,8,0.0
tiger,tabular,0,9,0.0
tiger,tabular,1,0,1.0
tiger,tabular,1,1,0.0
tiger,tabular,1,2,1.0
tiger,tabular,1,3,0.0
tiger,tabular,1,4,0.0
tiger,tabular,1,5,1.0
tiger,tabular,1,6,1.0
tiger,tabular,1,7,0.0
tiger,tabular,1,8,0.0
tiger,tabular,1,9,0.0
tiger,tabular,2,0,1.0
tiger,tabular,2,1,1.0
tiger,tabular,2,2,1.0
tiger,tabular,2,3,0.0
tiger,tabular,2,4,1.0
tiger,tabular,2,5,0.0
tiger,tabular,2,6,0.0
tiger,tabular,2,7,0.0
tiger,tabular,2,8,0.0
tiger,tabular,2,9,0.0
tiger,tabular,3,0,1.0
tiger,tabular,3,1,1.0
tiger,tabular,3,2,0.0
tiger,tabular,3,3,1.0
tiger,tabular,3,4,0.0
tiger,tabular,3,5,0.0
tiger,tabular,3,6,1.0
tiger,tabular,3,7,1.0
tiger,tabular,3,8,0.0
tiger,tabular,3,9,0.0
tiger,tabular,4,0,1.0
tiger,tabular,4,1,0.0
tiger,tabular,4,2,1.0
tiger,tabular,4,3,1.0
tiger,tabular,4,4,0.0
tiger,tabular,4,5,1.0
tiger,tabular,4,6,1.0
tiger,tabular,4,7,0.0
tiger,tabular,4,8,1.0
tiger,tabular,4,9,0.0
tiger,tabular,5,0,1.0
tiger,tabular,5,1,0.0
tiger,tabular,5,2,0.0
tiger,tabular,5,3,0.0
tiger,tabular,5,4,0.0
tiger,tabular,5,5,0.0
tiger,tabular,5,6,0.0
tiger,tabular,5,7,1.0
tiger,tabular,5,8,0.0
tiger,tabular,5,9,0.0
tiger,tabular,6,0,0.0
tiger,tabular,6,1,1.0
tiger,tabular,6,2,1.0
tiger,tabular,6,3,1.0
tiger,tabular,6,4,1.0
tiger,tabular,6,5,0.0
tiger,tabular,6,6,0.0
tiger,tabular,6,7,1.0
tiger,tabular,6,8,0.0
tiger,tabular,6,9,0.9800000190734863
tiger,tabular,7,0,0.0
tiger,tabular,7,1,1.0
tiger,tabular,7,2,1.0
tiger,tabular,7,3,1.0
tiger,tabular,7,4,1.0
tiger,tabular,7,5,0.0
tiger,tabular,7,6,1.0
tiger,tabular,7,7,1.0
tiger,tabular,7,8,1.0
tiger,tabular,7,9,1.0
tiger,tabular,8,0,0.0
tiger,tabular,8,1,1.0
tiger,tabular,8,2,1.0
tiger,tabular,8,3,0.0
tiger,tabular,8,4,1.0
tiger,tabular,8,5,0.0
tiger,tabular,8,6,0.0
tiger,tabular,8,7,1.0
tiger,tabular,8,8,0.0
tiger,tabular,8,9,0.0
tiger,tabular,9,0,1.0
tiger,tabular,9,1,1.0
tiger,tabular,9,2,1.0
tiger,tabular,9,3,1.0
tiger,tabular,9,4,0.0
tiger,tabular,9,5,0.0
tiger,tabular,9,6,0.0
tiger,tabular,9,7,0.0
tiger,tabular,9,8,1.0
tiger,tabular,9,9,1.0
tiger,random,0,0,1.0
tiger,random,0,1,0.9800000190734863
tiger,random,0,2,0.0
tiger,random,0,3,1.0
tiger,random,0,4,1.0
tiger,random,0,5,0.0
tiger,random,0,6,0.9411919713020325
tiger,random,0,7,0.0
tiger,random,0,8,1.0
tiger,random,0,9,0.0
tiger,random,1,0,0.9800000190734863
tiger,random,1,1,1.0
tiger,random,1,2,0.0
tiger,random,1,3,0.9603999853134155
tiger,random,1,4,1.0
tiger,random,1,5,0.9411919713020325
tiger,random,1,6,1.0
tiger,random,1,7,0.9800000190734863
tiger,random,1,8,1.0
tiger,random,1,9,1.0
tiger,random,2,0,0.0
tiger,random,2,1,1.0
tiger,random,2,2,0.9603999853134155
tiger,random,2,3,0.9603999853134155
tiger,random,2,4,1.0
tiger,random,2,5,0.0
tiger,random,2,6,0.0
tiger,random,2,7,0.0
tiger,random,2,8,0.9800000190734863
tiger,random,2,9,0.0
tiger,random,3,0,1.0
tiger,random,3,1,1.0
tiger,random,3,2,1.0
tiger,random,3,3,1.0
tiger,random,3,4,0.0
tiger,random,3,5,1.0
tiger,random,3,6,1.0
tiger,random,3,7,1.0
tiger,random,3,8,0.0
tiger,random,3,9,1.0
tiger,random,4,0,0.9800000190734863
tiger,random,4,1,1.0
tiger,random,4,2,1.0
tiger,random,4,3,0.0
tiger,random,4,4,0.0
tiger,random,4,5,1.0
tiger,random,4,6,0.0
tiger,random,4,7,0.0
tiger,random,4,8,1.0
tiger,random,4,9,1.0
tiger,random,5,0,0.0
tiger,random,5,1,0.0
tiger,random,5,2,0.0
tiger,random,5,3,0.0
tiger,random,5,4,1.0
tiger,random,5,5,1.0
tiger,random,5,6,0.0
tiger,random,5,7,0.9800000190734863
tiger,random,5,8,1.0
tiger,random,5,9,0.0
tiger,random,6,0,1.0
tiger,random,6,1,0.0
tiger,random,6,2,1.0
tiger,random,6,3,0.0
tiger,random,6,4,1.0
tiger,random,6,5,1.0
tiger,random,6,6,1.0
tiger,random,6,7,0.0
tiger,random,6,8,0.0
tiger,random,6,9,0.0
tiger,random,7,0,0.0
tiger,random,7,1,1.0
tiger,random,7,2,0.0
tiger,random,7,3,0.0
tiger,random,7,4,0.0
tiger,random,7,5,0.9603999853134155
tiger,random,7,6,1.0
tiger,random,7,7,0.0
tiger,random,7,8,0.0
tiger,random,7,9,1.0
tiger,random,8,0,1.0
tiger,random,8,1,0.9800000190734863
tiger,random,8,2,1.0
tiger,random,8,3,0.9603999853134155
tiger,random,8,4,0.0
tiger,random,8,5,1.0
tiger,random,8,6,0.0
tiger,random,8,7,1.0
tiger,random,8,8,0.0
tiger,random,8,9,0.0
tiger,random,9,0,1.0
tiger,random,9,1,0.0
tiger,random,9,2,0.0
tiger,random,9,3,0.0
tiger,random,9,4,0.0
tiger,random,9,5,0.0
tiger,random,9,6,0.0
tiger,random,9,7,1.0
tiger,random,9,8,0.0
tiger,random,9,9,1.0
rocksample,hardcoded,0,0,7.89802360534668
rocksample,hardcoded,0,1,6.074036121368408
rocksample,hardcoded,0,2,15.27889347076416
rocksample,hardcoded,0,3,14.842326164245605
rocksample,hardcoded,0,4,23.459428787231445
rocksample,hardcoded,0,5,14.235746383666992
rocksample,hardcoded,0,6,10.0
rocksample,hardcoded,0,7,6.453557014465332
rocksample,hardcoded,0,8,7.585262298583984
rocksample,hardcoded,0,9,14.973316192626953
rocksample,hardcoded,1,0,17.132776260375977
rocksample,hardcoded,1,1,10.0
rocksample,hardcoded,1,2,10.0
rocksample,hardcoded,1,3,8.059207916259766
rocksample,hardcoded,1,4,7.585262298583984
rocksample,hardcoded,1,5,10.0
rocksample,hardcoded,1,6,17.132776260375977
rocksample,hardcoded,1,7,7.585262298583984
rocksample,hardcoded,1,8,6.324485778808594
rocksample,hardcoded,1,9,10.0
rocksample,hardcoded,2,0,7.740063190460205
rocksample,hardcoded,2,1,22.971416473388672
rocksample,hardcoded,2,2,10.0
rocksample,hardcoded,2,3,10.0
rocksample,hardcoded,2,4,23.93819236755371
rocksample,hardcoded,2,5,10.0
rocksample,hardcoded,2,6,16.454317092895508
rocksample,hardcoded,2,7,22.9902400970459
rocksample,hardcoded,2,8,7.740063190460205
rocksample,hardcoded,2,9,8.059207916259766
rocksample,hardcoded,3,0,23.459428787231445
rocksample,hardcoded,3,1,10.0
rocksample,hardcoded,3,2,16.790119171142578
rocksample,hardcoded,3,3,7.740063190460205
rocksample,hardcoded,3,4,15.590707778930664
rocksample,hardcoded,3,5,23.93819236755371
rocksample,hardcoded,3,6,15.908885955810547
rocksample,hardcoded,3,7,15.590707778930664
rocksample,hardcoded,3,8,7.740063190460205
rocksample,hardcoded,3,9,6.197996139526367
rocksample,hardcoded,4,0,7.740063190460205
rocksample,hardcoded,4,1,22.53043556213379
rocksample,hardcoded,4,2,14.842326164245605
rocksample,hardcoded,4,3,15.802726745605469
rocksample,hardcoded,4,4,7.585262298583984
rocksample,hardcoded,4,5,6.3048858642578125
rocksample,hardcoded,4,6,10.0
rocksample,hardcoded,4,7,17.482423782348633
rocksample,hardcoded,4,8,13.969478607177734
rocksample,hardcoded,4,9,17.132776260375977
rocksample,hardcoded,5,0,13.969478607177734
rocksample,hardcoded,5,1,16.770912170410156
rocksample,hardcoded,5,2,7.740063190460205
rocksample,hardcoded,5,3,10.0
rocksample,hardcoded,5,4,17.482423782348633
rocksample,hardcoded,5,5,17.132776260375977
rocksample,hardcoded,5,6,6.324485778808594
rocksample,hardcoded,5,7,17.132776260375977
rocksample,hardcoded,5,8,7.89802360534668
rocksample,hardcoded,5,9,6.197996139526367
rocksample,hardcoded,6,0,23.93819236755371
rocksample,hardcoded,6,1,13.640429496765137
rocksample,hardcoded,6,2,7.740063190460205
rocksample,hardcoded,6,3,7.740063190460205
rocksample,hardcoded,6,4,17.132776260375977
rocksample,hardcoded,6,5,7.89802360534668
rocksample,hardcoded,6,6,16.12523078918457
rocksample,hardcoded,6,7,10.0
rocksample,hardcoded,6,8,7.585262298583984
rocksample,hardcoded,6,9,24.426727294921875
rocksample,hardcoded,7,0,16.790119171142578
rocksample,hardcoded,7,1,6.178788185119629
rocksample,hardcoded,7,2,7.89802360534668
rocksample,hardcoded,7,3,14.545479774475098
rocksample,hardcoded,7,4,4.281469345092773
rocksample,hardcoded,7,5,17.132776260375977
rocksample,hardcoded,7,6,16.790119171142578
rocksample,hardcoded,7,7,15.27889347076416
rocksample,hardcoded,7,8,10.0
rocksample,hardcoded,7,9,7.740063190460205
rocksample,hardcoded,8,0,7.585262298583984
rocksample,hardcoded,8,1,17.132776260375977
rocksample,hardcoded,8,2,14.545479774475098
rocksample,hardcoded,8,3,10.0
rocksample,hardcoded,8,4,16.454317092895508
rocksample,hardcoded,8,5,16.790119171142578
rocksample,hardcoded,8,6,17.132776260375977
rocksample,hardcoded,8,7,10.0
rocksample,hardcoded,8,8,15.27889347076416
rocksample,hardcoded,8,9,7.89802360534668
rocksample,hardcoded,9,0,22.9902400970459
rocksample,hardcoded,9,1,7.89802360534668
rocksample,hardcoded,9,2,10.0
rocksample,hardcoded,9,3,6.324485778808594
rocksample,hardcoded,9,4,16.12523078918457
rocksample,hardcoded,9,5,17.132776260375977
rocksample,hardcoded,9,6,17.132776260375977
rocksample,hardcoded,9,7,6.197996139526367
rocksample,hardcoded,9,8,16.790119171142578
rocksample,hardcoded,9,9,6.324485778808594
rocksample,ours,0,0,7.936055660247803
rocksample,ours,0,1,4.348659992218018
rocksample,ours,0,2,-8.017041206359863
rocksample,ours,0,3,-10.266642570495605
rocksample,ours,0,4,-5.024958610534668
rocksample,ours,0,5,1.8324410915374756
rocksample,ours,0,6,10.0
rocksample,ours,0,7,12.32986831665039
rocksample,ours,0,8,5.08334493637085
rocksample,ours,0,9,-20.55846405029297
rocksample,ours,1,0,0.0
rocksample,ours,1,1,-0.9039207696914673
rocksample,ours,1,2,7.777334690093994
rocksample,ours,1,3,4.494443416595459
rocksample,ours,1,4,5.273345470428467
rocksample,ours,1,5,5.885598659515381
rocksample,ours,1,6,10.0
rocksample,ours,1,7,6.618588924407959
rocksample,ours,1,8,5.182407855987549
rocksample,ours,1,9,-3.9258828163146973
rocksample,ours,2,0,8.708751678466797
rocksample,ours,2,1,10.162703514099121
rocksample,ours,2,2,9.980795860290527
rocksample,ours,2,3,12.182405471801758
rocksample,ours,2,4,12.497544288635254
rocksample,ours,2,5,6.729914665222168
rocksample,ours,2,6,7.546704292297363
rocksample,ours,2,7,-4.555481910705566
rocksample,ours,2,8,6.693599700927734
rocksample,ours,2,9,0.04558353126049042
rocksample,ours,3,0,-7.900036811828613
rocksample,ours,3,1,0.0
rocksample,ours,3,2,0.0
rocksample,ours,3,3,0.0
rocksample,ours,3,4,0.0
rocksample,ours,3,5,0.0
rocksample,ours,3,6,0.0
rocksample,ours,3,7,0.0
rocksample,ours,3,8,0.0
rocksample,ours,3,9,0.0
rocksample,ours,5,0,0.0
rocksample,ours,5,1,-6.32442569732666
rocksample,ours,5,2,0.0
rocksample,ours,5,3,-8.95293140411377
rocksample,ours,5,4,-0.9223681688308716
rocksample,ours,5,5,-0.567976176738739
rocksample,ours,5,6,6.856476306915283
rocksample,ours,5,7,-32.26493453979492
rocksample,ours,5,8,-15.53739070892334
rocksample,ours,5,9,-7.5300774574279785
rocksample,ours,6,0,-3.3196773529052734
rocksample,ours,6,1,-1.004258394241333
rocksample,ours,6,2,-12.67258358001709
rocksample,ours,6,3,7.6037092208862305
rocksample,ours,6,4,4.994901180267334
rocksample,ours,6,5,16.08795928955078
rocksample,ours,6,6,20.003183364868164
rocksample,ours,6,7,10.098761558532715
rocksample,ours,6,8,10.0
rocksample,ours,6,9,0.46032845973968506
rocksample,ours,7,0,-3.9639732837677
rocksample,ours,7,1,5.213038921356201
rocksample,ours,7,2,11.747346878051758
rocksample,ours,7,3,-4.101757049560547
rocksample,ours,7,4,-3.381338596343994
rocksample,ours,7,5,4.334593296051025
rocksample,ours,7,6,3.2180824279785156
rocksample,ours,7,7,4.202997207641602
rocksample,ours,7,8,12.329878807067871
rocksample,ours,7,9,11.924602508544922
rocksample,ours,8,0,0.0
rocksample,ours,8,1,0.0
rocksample,ours,8,2,17.500627517700195
rocksample,ours,8,3,7.864436149597168
rocksample,ours,8,4,7.7012553215026855
rocksample,ours,8,5,11.465267181396484
rocksample,ours,8,6,9.147379875183105
rocksample,ours,8,7,4.385613441467285
rocksample,ours,8,8,2.8708174228668213
rocksample,ours,8,9,12.786953926086426
rocksample,ours,9,0,4.5318169593811035
rocksample,ours,9,1,-18.093175888061523
rocksample,ours,9,2,-0.7306646704673767
rocksample,ours,9,3,-1.6277464628219604
rocksample,ours,9,4,-8.63823413848877
rocksample,ours,9,5,-5.041629314422607
rocksample,ours,9,6,-9.471232414245605
rocksample,ours,9,7,4.805881023406982
rocksample,ours,9,8,6.389841556549072
rocksample,ours,9,9,-9.453115463256836
rocksample,ours,4,0,-2.918134927749634
rocksample,ours,4,1,13.098930358886719
rocksample,ours,4,2,11.456599235534668
rocksample,ours,4,3,15.829719543457031
rocksample,ours,4,4,6.253345489501953
rocksample,ours,4,5,11.86902141571045
rocksample,ours,4,6,14.318493843078613
rocksample,ours,4,7,12.478780746459961
rocksample,ours,4,8,12.43025016784668
rocksample,ours,4,9,10.0
rocksample,tabular,0,0,5.406643867492676
rocksample,tabular,0,1,-7.012272834777832
rocksample,tabular,0,2,-4.2639265060424805
rocksample,tabular,0,3,8.858424186706543
rocksample,tabular,0,4,8.507630348205566
rocksample,tabular,0,5,9.63349437713623
rocksample,tabular,0,6,16.35479736328125
rocksample,tabular,0,7,-2.550382137298584
rocksample,tabular,0,8,-1.6343086957931519
rocksample,tabular,0,9,6.753662109375
rocksample,tabular,1,0,2.721283197402954
rocksample,tabular,1,1,7.624000072479248
rocksample,tabular,1,2,8.431920051574707
rocksample,tabular,1,3,9.03920841217041
rocksample,tabular,1,4,-1.6343086957931519
rocksample,tabular,1,5,13.061625480651855
rocksample,tabular,1,6,10.90318775177002
rocksample,tabular,1,7,-8.32604694366455
rocksample,tabular,1,8,-1.6343086957931519
rocksample,tabular,1,9,8.282489776611328
rocksample,tabular,2,0,16.029151916503906
rocksample,tabular,2,1,1.3673547506332397
rocksample,tabular,2,2,6.835012912750244
rocksample,tabular,2,3,9.223681449890137
rocksample,tabular,2,4,2.7807860374450684
rocksample,tabular,2,5,0.28236594796180725
rocksample,tabular,2,6,9.03920841217041
rocksample,tabular,2,7,6.034463882446289
rocksample,tabular,2,8,6.974503040313721
rocksample,tabular,2,9,-8.389281272888184
rocksample,tabular,3,0,18.46242332458496
rocksample,tabular,3,1,-1.6472537517547607
rocksample,tabular,3,2,18.839208602905273
rocksample,tabular,3,3,-4.315945625305176
rocksample,tabular,3,4,-4.613123416900635
rocksample,tabular,3,5,18.093175888061523
rocksample,tabular,3,6,13.529685020446777
rocksample,tabular,3,7,-10.115036964416504
rocksample,tabular,3,8,9.03920841217041
rocksample,tabular,3,9,-9.807808876037598
rocksample,tabular,4,0,5.624862194061279
rocksample,tabular,4,1,-8.085063934326172
rocksample,tabular,4,2,3.2562694549560547
rocksample,tabular,4,3,5.081620693206787
rocksample,tabular,4,4,-1.6539418697357178
rocksample,tabular,4,5,-0.7160513997077942
rocksample,tabular,4,6,5.134808540344238
rocksample,tabular,4,7,12.869308471679688
rocksample,tabular,4,8,-0.6216225028038025
rocksample,tabular,4,9,16.376686096191406
rocksample,tabular,5,0,7.858423709869385
rocksample,tabular,5,1,8.507630348205566
rocksample,tabular,5,2,14.143952369689941
rocksample,tabular,5,3,-2.6809592247009277
rocksample,tabular,5,4,16.770912170410156
rocksample,tabular,5,5,8.055093765258789
rocksample,tabular,5,6,9.223681449890137
rocksample,tabular,5,7,14.78697681427002
rocksample,tabular,5,8,17.731311798095703
rocksample,tabular,5,9,8.507630348205566
rocksample,tabular,6,0,7.190728187561035
rocksample,tabular,6,1,8.507630348205566
rocksample,tabular,6,2,6.729824066162109
rocksample,tabular,6,3,5.749032020568848
rocksample,tabular,6,4,18.839208602905273
rocksample,tabular,6,5,9.223681449890137
rocksample,tabular,6,6,8.681255340576172
rocksample,tabular,6,7,7.451635360717773
rocksample,tabular,6,8,8.604000091552734
rocksample,tabular,6,9,7.681255340576172
rocksample,tabular,7,0,8.507630348205566
rocksample,tabular,7,1,1.837735652923584
rocksample,tabular,7,2,-1.6817303895950317
rocksample,tabular,7,3,5.9615631103515625
rocksample,tabular,7,4,-0.7160513997077942
rocksample,tabular,7,5,2.6660408973693848
rocksample,tabular,7,6,7.1707282066345215
rocksample,tabular,7,7,15.973851203918457
rocksample,tabular,7,8,6.7408552169799805
rocksample,tabular,7,9,8.858424186706543
rocksample,tabular,8,0,-2.5567100048065186
rocksample,tabular,8,1,8.507630348205566
rocksample,tabular,8,2,6.962833404541016
rocksample,tabular,8,3,9.604000091552734
rocksample,tabular,8,4,9.223681449890137
rocksample,tabular,8,5,6.905975341796875
rocksample,tabular,8,6,10.627664566040039
rocksample,tabular,8,7,1.4544434547424316
rocksample,tabular,8,8,8.507630348205566
rocksample,tabular,8,9,-4.64768648147583
rocksample,tabular,9,0,5.487950325012207
rocksample,tabular,9,1,-8.62485122680664
rocksample,tabular,9,2,8.800000190734863
rocksample,tabular,9,3,3.09968638420105
rocksample,tabular,9,4,8.858424186706543
rocksample,tabular,9,5,8.170727729797363
rocksample,tabular,9,6,8.638264656066895
rocksample,tabular,9,7,-0.7017303705215454
rocksample,tabular,9,8,10.601863861083984
rocksample,tabular,9,9,7.681255340576172
rocksample,random,0,0,-6.5765204429626465
rocksample,random,0,1,-8.949675559997559
rocksample,random,0,2,-15.298405647277832
rocksample,random,0,3,-6.615511417388916
rocksample,random,0,4,3.772047519683838
rocksample,random,0,5,-4.691516876220703
rocksample,random,0,6,9.411919593811035
rocksample,random,0,7,-16.64773941040039
rocksample,random,0,8,6.644070148468018
rocksample,random,0,9,9.800000190734863
rocksample,random,1,0,-8.829440116882324
rocksample,random,1,1,8.800000190734863
rocksample,random,1,2,3.337634801864624
rocksample,random,1,3,-16.524620056152344
rocksample,random,1,4,2.34087872505188
rocksample,random,1,5,9.800000190734863
rocksample,random,1,6,-8.795108795166016
rocksample,random,1,7,-4.26144552230835
rocksample,random,1,8,-13.224212646484375
rocksample,random,1,9,9.800000190734863
rocksample,random,2,0,2.7367663383483887
rocksample,random,2,1,-9.058155059814453
rocksample,random,2,2,9.411919593811035
rocksample,random,2,3,-7.425022602081299
rocksample,random,2,4,1.5951133966445923
rocksample,random,2,5,6.749032020568848
rocksample,random,2,6,2.6611928939819336
rocksample,random,2,7,-4.329146862030029
rocksample,random,2,8,-13.920190811157227
rocksample,random,2,9,-10.571130752563477
rocksample,random,3,0,-6.420591831207275
rocksample,random,3,1,8.604000091552734
rocksample,random,3,2,-10.054712295532227
rocksample,random,3,3,-3.85001802444458
rocksample,random,3,4,-5.584471225738525
rocksample,random,3,5,4.105669975280762
rocksample,random,3,6,-2.6929032802581787
rocksample,random,3,7,7.995359897613525
rocksample,random,3,8,-14.243965148925781
rocksample,random,3,9,-7.572188377380371
rocksample,random,4,0,-14.50233268737793
rocksample,random,4,1,-7.660660743713379
rocksample,random,4,2,-23.31119155883789
rocksample,random,4,3,-8.14824390411377
rocksample,random,4,4,3.7435190677642822
rocksample,random,4,5,-0.23999452590942383
rocksample,random,4,6,10.0
rocksample,random,4,7,7.244399070739746
rocksample,random,4,8,-34.13200759887695
rocksample,random,4,9,3.8839921951293945
rocksample,random,5,0,-6.238691329956055
rocksample,random,5,1,-6.615955352783203
rocksample,random,5,2,5.603946208953857
rocksample,random,5,3,-7.944357872009277
rocksample,random,5,4,3.677435874938965
rocksample,random,5,5,-12.996111869812012
rocksample,random,5,6,-7.016319274902344
rocksample,random,5,7,-5.305867671966553
rocksample,random,5,8,-4.504546642303467
rocksample,random,5,9,-35.36444854736328
rocksample,random,6,0,2.4188287258148193
rocksample,random,6,1,-9.627974510192871
rocksample,random,6,2,-8.518835067749023
rocksample,random,6,3,-9.329309463500977
rocksample,random,6,4,-7.985355854034424
rocksample,random,6,5,-7.344897747039795
rocksample,random,6,6,9.604000091552734
rocksample,random,6,7,-2.6405537128448486
rocksample,random,6,8,8.26328182220459
rocksample,random,6,9,-1.4603149890899658
rocksample,random,7,0,-7.231311321258545
rocksample,random,7,1,-5.891462326049805
rocksample,random,7,2,1.8413766622543335
rocksample,random,7,3,-5.652837753295898
rocksample,random,7,4,-5.503164768218994
rocksample,random,7,5,0.7919376492500305
rocksample,random,7,6,3.6218719482421875
rocksample,random,7,7,-0.03949909284710884
rocksample,random,7,8,9.604000091552734
rocksample,random,7,9,-3.8464653491973877
rocksample,random,8,0,1.4766250848770142
rocksample,random,8,1,-8.984670639038086
rocksample,random,8,2,1.4967149496078491
rocksample,random,8,3,9.800000190734863
rocksample,random,8,4,8.243681907653809
rocksample,random,8,5,-7.423428058624268
rocksample,random,8,6,0.11630872637033463
rocksample,random,8,7,1.8314335346221924
rocksample,random,8,8,2.445085287094116
rocksample,random,8,9,-11.973764419555664
rocksample,random,9,0,-2.4663219451904297
rocksample,random,9,1,5.966665744781494
rocksample,random,9,2,-10.056666374206543
rocksample,random,9,3,-8.778311729431152
rocksample,random,9,4,-42.98051452636719
rocksample,random,9,5,-6.068998336791992
rocksample,random,9,6,-0.666904628276825
rocksample,random,9,7,8.03920841217041
rocksample,random,9,8,0.6262337565422058
rocksample,random,9,9,-9.452220916748047
empty,hardcoded,0,0,0.9223681688308716
empty,hardcoded,0,1,0.9223681688308716
empty,hardcoded,0,2,0.9223681688308716
empty,hardcoded,0,3,0.9223681688308716
empty,hardcoded,0,4,0.9223681688308716
empty,hardcoded,0,5,0.9223681688308716
empty,hardcoded,0,6,0.9223681688308716
empty,hardcoded,0,7,0.9223681688308716
empty,hardcoded,0,8,0.9223681688308716
empty,hardcoded,0,9,0.9223681688308716
empty,hardcoded,1,0,0.9223681688308716
empty,hardcoded,1,1,0.9223681688308716
empty,hardcoded,1,2,0.9223681688308716
empty,hardcoded,1,3,0.9223681688308716
empty,hardcoded,1,4,0.9223681688308716
empty,hardcoded,1,5,0.9223681688308716
empty,hardcoded,1,6,0.9223681688308716
empty,hardcoded,1,7,0.9223681688308716
empty,hardcoded,1,8,0.9223681688308716
empty,hardcoded,1,9,0.9223681688308716
empty,hardcoded,2,0,0.9223681688308716
empty,hardcoded,2,1,0.9223681688308716
empty,hardcoded,2,2,0.9223681688308716
empty,hardcoded,2,3,0.9223681688308716
empty,hardcoded,2,4,0.9223681688308716
empty,hardcoded,2,5,0.9223681688308716
empty,hardcoded,2,6,0.9223681688308716
empty,hardcoded,2,7,0.9223681688308716
empty,hardcoded,2,8,0.9223681688308716
empty,hardcoded,2,9,0.9223681688308716
empty,hardcoded,3,0,0.9223681688308716
empty,hardcoded,3,1,0.9223681688308716
empty,hardcoded,3,2,0.9223681688308716
empty,hardcoded,3,3,0.9223681688308716
empty,hardcoded,3,4,0.9223681688308716
empty,hardcoded,3,5,0.9223681688308716
empty,hardcoded,3,6,0.9223681688308716
empty,hardcoded,3,7,0.9223681688308716
empty,hardcoded,3,8,0.9223681688308716
empty,hardcoded,3,9,0.9223681688308716
empty,hardcoded,4,0,0.9223681688308716
empty,hardcoded,4,1,0.9223681688308716
empty,hardcoded,4,2,0.9223681688308716
empty,hardcoded,4,3,0.9223681688308716
empty,hardcoded,4,4,0.9223681688308716
empty,hardcoded,4,5,0.9223681688308716
empty,hardcoded,4,6,0.9223681688308716
empty,hardcoded,4,7,0.9223681688308716
empty,hardcoded,4,8,0.9223681688308716
empty,hardcoded,4,9,0.9223681688308716
empty,hardcoded,5,0,0.9223681688308716
empty,hardcoded,5,1,0.9223681688308716
empty,hardcoded,5,2,0.9223681688308716
empty,hardcoded,5,3,0.9223681688308716
empty,hardcoded,5,4,0.9223681688308716
empty,hardcoded,5,5,0.9223681688308716
empty,hardcoded,5,6,0.9223681688308716
empty,hardcoded,5,7,0.9223681688308716
empty,hardcoded,5,8,0.9223681688308716
empty,hardcoded,5,9,0.9223681688308716
empty,hardcoded,6,0,0.9223681688308716
empty,hardcoded,6,1,0.9223681688308716
empty,hardcoded,6,2,0.9223681688308716
empty,hardcoded,6,3,0.9223681688308716
empty,hardcoded,6,4,0.9223681688308716
empty,hardcoded,6,5,0.9223681688308716
empty,hardcoded,6,6,0.9223681688308716
empty,hardcoded,6,7,0.9223681688308716
empty,hardcoded,6,8,0.9223681688308716
empty,hardcoded,6,9,0.9223681688308716
empty,hardcoded,7,0,0.9223681688308716
empty,hardcoded,7,1,0.9223681688308716
empty,hardcoded,7,2,0.9223681688308716
empty,hardcoded,7,3,0.9223681688308716
empty,hardcoded,7,4,0.9223681688308716
empty,hardcoded,7,5,0.9223681688308716
empty,hardcoded,7,6,0.9223681688308716
empty,hardcoded,7,7,0.9223681688308716
empty,hardcoded,7,8,0.9223681688308716
empty,hardcoded,7,9,0.9223681688308716
empty,hardcoded,8,0,0.9223681688308716
empty,hardcoded,8,1,0.9223681688308716
empty,hardcoded,8,2,0.9223681688308716
empty,hardcoded,8,3,0.9223681688308716
empty,hardcoded,8,4,0.9223681688308716
empty,hardcoded,8,5,0.9223681688308716
empty,hardcoded,8,6,0.9223681688308716
empty,hardcoded,8,7,0.9223681688308716
empty,hardcoded,8,8,0.9223681688308716
empty,hardcoded,8,9,0.9223681688308716
empty,hardcoded,9,0,0.9223681688308716
empty,hardcoded,9,1,0.9223681688308716
empty,hardcoded,9,2,0.9223681688308716
empty,hardcoded,9,3,0.9223681688308716
empty,hardcoded,9,4,0.9223681688308716
empty,hardcoded,9,5,0.9223681688308716
empty,hardcoded,9,6,0.9223681688308716
empty,hardcoded,9,7,0.9223681688308716
empty,hardcoded,9,8,0.9223681688308716
empty,hardcoded,9,9,0.9223681688308716
empty,ours,0,0,0.8681255578994751
empty,ours,0,1,0.0
empty,ours,0,2,0.0
empty,ours,0,3,0.0
empty,ours,0,4,0.0
empty,ours,0,5,0.0
empty,ours,0,6,0.0
empty,ours,0,7,0.0
empty,ours,0,8,0.0
empty,ours,0,9,0.0
empty,ours,1,0,0.9223681688308716
empty,ours,1,1,0.9223681688308716
empty,ours,1,2,0.9223681688308716
empty,ours,1,3,0.9223681688308716
empty,ours,1,4,0.9223681688308716
empty,ours,1,5,0.9223681688308716
empty,ours,1,6,0.9223681688308716
empty,ours,1,7,0.9223681688308716
empty,ours,1,8,0.9223681688308716
empty,ours,1,9,0.9223681688308716
empty,ours,2,0,0.9223681688308716
empty,ours,2,1,0.9223681688308716
empty,ours,2,2,0.9223681688308716
empty,ours,2,3,0.9223681688308716
empty,ours,2,4,0.9223681688308716
empty,ours,2,5,0.9223681688308716
empty,ours,2,6,0.9223681688308716
empty,ours,2,7,0.9223681688308716
empty,ours,2,8,0.9223681688308716
empty,ours,2,9,0.9223681688308716
empty,ours,3,0,0.9223681688308716
empty,ours,3,1,0.9223681688308716
empty,ours,3,2,0.9223681688308716
empty,ours,3,3,0.9223681688308716
empty,ours,3,4,0.9223681688308716
empty,ours,3,5,0.9223681688308716
empty,ours,3,6,0.9223681688308716
empty,ours,3,7,0.9223681688308716
empty,ours,3,8,0.9223681688308716
empty,ours,3,9,0.9223681688308716
empty,ours,4,0,0.9223681688308716
empty,ours,4,1,0.9223681688308716
empty,ours,4,2,0.9223681688308716
empty,ours,4,3,0.9223681688308716
empty,ours,4,4,0.9223681688308716
empty,ours,4,5,0.9223681688308716
empty,ours,4,6,0.9223681688308716
empty,ours,4,7,0.9223681688308716
empty,ours,4,8,0.9223681688308716
empty,ours,4,9,0.9223681688308716
empty,ours,5,0,0.9223681688308716
empty,ours,5,1,0.9223681688308716
empty,ours,5,2,0.9223681688308716
empty,ours,5,3,0.9223681688308716
empty,ours,5,4,0.9223681688308716
empty,ours,5,5,0.9223681688308716
empty,ours,5,6,0.9223681688308716
empty,ours,5,7,0.9223681688308716
empty,ours,5,8,0.9223681688308716
empty,ours,5,9,0.9223681688308716
empty,ours,6,0,0.9223681688308716
empty,ours,6,1,0.9223681688308716
empty,ours,6,2,0.9223681688308716
empty,ours,6,3,0.9223681688308716
empty,ours,6,4,0.9223681688308716
empty,ours,6,5,0.9223681688308716
empty,ours,6,6,0.9223681688308716
empty,ours,6,7,0.9223681688308716
empty,ours,6,8,0.9223681688308716
empty,ours,6,9,0.9223681688308716
empty,ours,7,0,0.0
empty,ours,7,1,0.0
empty,ours,7,2,0.0
empty,ours,7,3,0.0
empty,ours,7,4,0.0
empty,ours,7,5,0.0
empty,ours,7,6,0.0
empty,ours,7,7,0.0
empty,ours,7,8,0.0
empty,ours,7,9,0.0
empty,ours,8,0,0.9223681688308716
empty,ours,8,1,0.9223681688308716
empty,ours,8,2,0.9223681688308716
empty,ours,8,3,0.9223681688308716
empty,ours,8,4,0.9223681688308716
empty,ours,8,5,0.9223681688308716
empty,ours,8,6,0.9223681688308716
empty,ours,8,7,0.9223681688308716
empty,ours,8,8,0.9223681688308716
empty,ours,8,9,0.9223681688308716
empty,ours,9,0,0.9223681688308716
empty,ours,9,1,0.9223681688308716
empty,ours,9,2,0.9223681688308716
empty,ours,9,3,0.9223681688308716
empty,ours,9,4,0.9223681688308716
empty,ours,9,5,0.9223681688308716
empty,ours,9,6,0.9223681688308716
empty,ours,9,7,0.9223681688308716
empty,ours,9,8,0.9223681688308716
empty,ours,9,9,0.9223681688308716
empty,tabular,0,0,0.9223681688308716
empty,tabular,0,1,0.9223681688308716
empty,tabular,0,2,0.9223681688308716
empty,tabular,0,3,0.9223681688308716
empty,tabular,0,4,0.9223681688308716
empty,tabular,0,5,0.9223681688308716
empty,tabular,0,6,0.9223681688308716
empty,tabular,0,7,0.9223681688308716
empty,tabular,0,8,0.9223681688308716
empty,tabular,0,9,0.9223681688308716
empty,tabular,1,0,0.9223681688308716
empty,tabular,1,1,0.9223681688308716
empty,tabular,1,2,0.9223681688308716
empty,tabular,1,3,0.9223681688308716
empty,tabular,1,4,0.9223681688308716
empty,tabular,1,5,0.9223681688308716
empty,tabular,1,6,0.9223681688308716
empty,tabular,1,7,0.9223681688308716
empty,tabular,1,8,0.9223681688308716
empty,tabular,1,9,0.9223681688308716
empty,tabular,2,0,0.9223681688308716
empty,tabular,2,1,0.9223681688308716
empty,tabular,2,2,0.9223681688308716
empty,tabular,2,3,0.9223681688308716
empty,tabular,2,4,0.9223681688308716
empty,tabular,2,5,0.9223681688308716
empty,tabular,2,6,0.9223681688308716
empty,tabular,2,7,0.9223681688308716
empty,tabular,2,8,0.9223681688308716
empty,tabular,2,9,0.9223681688308716
empty,tabular,3,0,0.9223681688308716
empty,tabular,3,1,0.9223681688308716
empty,tabular,3,2,0.9223681688308716
empty,tabular,3,3,0.9223681688308716
empty,tabular,3,4,0.9223681688308716
empty,tabular,3,5,0.9223681688308716
empty,tabular,3,6,0.9223681688308716
empty,tabular,3,7,0.9223681688308716
empty,tabular,3,8,0.9223681688308716
empty,tabular,3,9,0.9223681688308716
empty,tabular,4,0,0.9223681688308716
empty,tabular,4,1,0.9223681688308716
empty,tabular,4,2,0.9223681688308716
empty,tabular,4,3,0.9223681688308716
empty,tabular,4,4,0.9223681688308716
empty,tabular,4,5,0.9223681688308716
empty,tabular,4,6,0.9223681688308716
empty,tabular,4,7,0.9223681688308716
empty,tabular,4,8,0.9223681688308716
empty,tabular,4,9,0.9223681688308716
empty,tabular,5,0,0.9223681688308716
empty,tabular,5,1,0.9223681688308716
empty,tabular,5,2,0.9223681688308716
empty,tabular,5,3,0.9223681688308716
empty,tabular,5,4,0.9223681688308716
empty,tabular,5,5,0.9223681688308716
empty,tabular,5,6,0.9223681688308716
empty,tabular,5,7,0.9223681688308716
empty,tabular,5,8,0.9223681688308716
empty,tabular,5,9,0.9223681688308716
empty,tabular,6,0,0.9223681688308716
empty,tabular,6,1,0.9223681688308716
empty,tabular,6,2,0.9223681688308716
empty,tabular,6,3,0.9223681688308716
empty,tabular,6,4,0.9223681688308716
empty,tabular,6,5,0.9223681688308716
empty,tabular,6,6,0.9223681688308716
empty,tabular,6,7,0.9223681688308716
empty,tabular,6,8,0.9223681688308716
empty,tabular,6,9,0.9223681688308716
empty,tabular,7,0,0.9223681688308716
empty,tabular,7,1,0.9223681688308716
empty,tabular,7,2,0.9223681688308716
empty,tabular,7,3,0.9223681688308716
empty,tabular,7,4,0.9223681688308716
empty,tabular,7,5,0.9223681688308716
empty,tabular,7,6,0.9223681688308716
empty,tabular,7,7,0.9223681688308716
empty,tabular,7,8,0.9223681688308716
empty,tabular,7,9,0.9223681688308716
empty,tabular,8,0,0.9223681688308716
empty,tabular,8,1,0.9223681688308716
empty,tabular,8,2,0.9223681688308716
empty,tabular,8,3,0.9223681688308716
empty,tabular,8,4,0.9223681688308716
empty,tabular,8,5,0.9223681688308716
empty,tabular,8,6,0.9223681688308716
empty,tabular,8,7,0.9223681688308716
empty,tabular,8,8,0.9223681688308716
empty,tabular,8,9,0.9223681688308716
empty,tabular,9,0,0.9223681688308716
empty,tabular,9,1,0.9223681688308716
empty,tabular,9,2,0.9223681688308716
empty,tabular,9,3,0.9223681688308716
empty,tabular,9,4,0.9223681688308716
empty,tabular,9,5,0.9223681688308716
empty,tabular,9,6,0.9223681688308716
empty,tabular,9,7,0.9223681688308716
empty,tabular,9,8,0.9223681688308716
empty,tabular,9,9,0.9223681688308716
empty,random,0,0,0.0
empty,random,0,1,0.0
empty,random,0,2,0.0
empty,random,0,3,0.0
empty,random,0,4,0.0
empty,random,0,5,0.0
empty,random,0,6,0.0
empty,random,0,7,0.0
empty,random,0,8,0.8337477445602417
empty,random,0,9,0.0
empty,random,1,0,0.0
empty,random,1,1,0.0
empty,random,1,2,0.0
empty,random,1,3,0.0
empty,random,1,4,0.0
empty,random,1,5,0.0
empty,random,1,6,0.0
empty,random,1,7,0.0
empty,random,1,8,0.0
empty,random,1,9,0.0
empty,random,2,0,0.0
empty,random,2,1,0.0
empty,random,2,2,0.0
empty,random,2,3,0.0
empty,random,2,4,0.0
empty,random,2,5,0.0
empty,random,2,6,0.8858423829078674
empty,random,2,7,0.0
empty,random,2,8,0.0
empty,random,2,9,0.0
empty,random,3,0,0.0
empty,random,3,1,0.0
empty,random,3,2,0.0
empty,random,3,3,0.0
empty,random,3,4,0.8507630228996277
empty,random,3,5,0.0
empty,random,3,6,0.0
empty,random,3,7,0.0
empty,random,3,8,0.0
empty,random,3,9,0.0
empty,random,4,0,0.0
empty,random,4,1,0.0
empty,random,4,2,0.0
empty,random,4,3,0.0
empty,random,4,4,0.0
empty,random,4,5,0.0
empty,random,4,6,0.0
empty,random,4,7,0.0
empty,random,4,8,0.0
empty,random,4,9,0.9223681688308716
empty,random,5,0,0.0
empty,random,5,1,0.0
empty,random,5,2,0.0
empty,random,5,3,0.0
empty,random,5,4,0.0
empty,random,5,5,0.0
empty,random,5,6,0.8337477445602417
empty,random,5,7,0.0
empty,random,5,8,0.0
empty,random,5,9,0.0
empty,random,6,0,0.0
empty,random,6,1,0.0
empty,random,6,2,0.0
empty,random,6,3,0.0
empty,random,6,4,0.0
empty,random,6,5,0.0
empty,random,6,6,0.0
empty,random,6,7,0.0
empty,random,6,8,0.0
empty,random,6,9,0.0
empty,random,7,0,0.0
empty,random,7,1,0.0
empty,random,7,2,0.0
empty,random,7,3,0.0
empty,random,7,4,0.0
empty,random,7,5,0.0
empty,random,7,6,0.0
empty,random,7,7,0.0
empty,random,7,8,0.0
empty,random,7,9,0.0
empty,random,8,0,0.0
empty,random,8,1,0.0
empty,random,8,2,0.0
empty,random,8,3,0.0
empty,random,8,4,0.0
empty,random,8,5,0.0
empty,random,8,6,0.0
empty,random,8,7,0.0
empty,random,8,8,0.0
empty,random,8,9,0.9039207696914673
empty,random,9,0,0.0
empty,random,9,1,0.0
empty,random,9,2,0.0
empty,random,9,3,0.0
empty,random,9,4,0.0
empty,random,9,5,0.0
empty,random,9,6,0.0
empty,random,9,7,0.0
empty,random,9,8,0.0
empty,random,9,9,0.0
corners,hardcoded,0,0,0.8858423829078674
corners,hardcoded,0,1,0.9411919713020325
corners,hardcoded,0,2,0.8337477445602417
corners,hardcoded,0,3,0.8681255578994751
corners,hardcoded,0,4,0.9800000190734863
corners,hardcoded,0,5,0.7847167253494263
corners,hardcoded,0,6,0.0
corners,hardcoded,0,7,0.0
corners,hardcoded,0,8,0.7690224051475525
corners,hardcoded,0,9,0.0
corners,hardcoded,1,0,0.8337477445602417
corners,hardcoded,1,1,0.6951353549957275
corners,hardcoded,1,2,0.0
corners,hardcoded,1,3,0.0
corners,hardcoded,1,4,0.7237977385520935
corners,hardcoded,1,5,0.7237977385520935
corners,hardcoded,1,6,0.800731360912323
corners,hardcoded,1,7,0.7237977385520935
corners,hardcoded,1,8,0.6812326312065125
corners,hardcoded,1,9,0.9411919713020325
corners,hardcoded,2,0,0.0
corners,hardcoded,2,1,0.7847167253494263
corners,hardcoded,2,2,0.6676079630851746
corners,hardcoded,2,3,0.8507630228996277
corners,hardcoded,2,4,0.8858423829078674
corners,hardcoded,2,5,0.800731360912323
corners,hardcoded,2,6,0.9603999853134155
corners,hardcoded,2,7,0.0
corners,hardcoded,2,8,0.7093217372894287
corners,hardcoded,2,9,0.8170728087425232
corners,hardcoded,3,0,0.6812326312065125
corners,hardcoded,3,1,0.0
corners,hardcoded,3,2,0.0
corners,hardcoded,3,3,0.6812326312065125
corners,hardcoded,3,4,0.9603999853134155
corners,hardcoded,3,5,0.0
corners,hardcoded,3,6,0.9039207696914673
corners,hardcoded,3,7,0.9039207696914673
corners,hardcoded,3,8,0.0
corners,hardcoded,3,9,0.8170728087425232
corners,hardcoded,4,0,0.7093217372894287
corners,hardcoded,4,1,0.0
corners,hardcoded,4,2,0.800731360912323
corners,hardcoded,4,3,0.0
corners,hardcoded,4,4,0.9039207696914673
corners,hardcoded,4,5,0.8681255578994751
corners,hardcoded,4,6,0.7237977385520935
corners,hardcoded,4,7,0.0
corners,hardcoded,4,8,0.0
corners,hardcoded,4,9,0.7237977385520935
corners,hardcoded,5,0,0.8337477445602417
corners,hardcoded,5,1,0.0
corners,hardcoded,5,2,0.9223681688308716
corners,hardcoded,5,3,0.0
corners,hardcoded,5,4,0.8337477445602417
corners,hardcoded,5,5,0.8681255578994751
corners,hardcoded,5,6,0.8858423829078674
corners,hardcoded,5,7,0.9800000190734863
corners,hardcoded,5,8,0.7237977385520935
corners,hardcoded,5,9,0.0
corners,hardcoded,6,0,0.0
corners,hardcoded,6,1,0.7237977385520935
corners,hardcoded,6,2,0.7093217372894287
corners,hardcoded,6,3,0.8681255578994751
corners,hardcoded,6,4,0.8681255578994751
corners,hardcoded,6,5,0.0
corners,hardcoded,6,6,0.8337477445602417
corners,hardcoded,6,7,0.0
corners,hardcoded,6,8,0.0
corners,hardcoded,6,9,0.800731360912323
corners,hardcoded,7,0,0.0
corners,hardcoded,7,1,0.0
corners,hardcoded,7,2,0.0
corners,hardcoded,7,3,0.0
corners,hardcoded,7,4,0.6951353549957275
corners,hardcoded,7,5,0.8170728087425232
corners,hardcoded,7,6,0.8681255578994751
corners,hardcoded,7,7,0.8170728087425232
corners,hardcoded,7,8,0.7093217372894287
corners,hardcoded,7,9,0.7690224051475525
corners,hardcoded,8,0,0.8681255578994751
corners,hardcoded,8,1,0.7847167253494263
corners,hardcoded,8,2,0.0
corners,hardcoded,8,3,0.9411919713020325
corners,hardcoded,8,4,0.7093217372894287
corners,hardcoded,8,5,0.0
corners,hardcoded,8,6,0.0
corners,hardcoded,8,7,0.0
corners,hardcoded,8,8,1.0
corners,hardcoded,8,9,0.0
corners,hardcoded,9,0,0.8337477445602417
corners,hardcoded,9,1,0.0
corners,hardcoded,9,2,0.9223681688308716
corners,hardcoded,9,3,0.9800000190734863
corners,hardcoded,9,4,0.0
corners,hardcoded,9,5,0.0
corners,hardcoded,9,6,0.0
corners,hardcoded,9,7,0.8170728087425232
corners,hardcoded,9,8,0.7847167253494263
corners,hardcoded,9,9,0.9223681688308716
corners,ours,0,0,0.9603999853134155
corners,ours,0,1,0.0
corners,ours,0,2,0.9039207696914673
corners,ours,0,3,0.0
corners,ours,0,4,0.0
corners,ours,0,5,0.0
corners,ours,0,6,0.5913954377174377
corners,ours,0,7,0.45479634404182434
corners,ours,0,8,0.6034647226333618
corners,ours,0,9,0.0
corners,ours,2,0,0.9039207696914673
corners,ours,2,1,0.0
corners,ours,2,2,0.8507630228996277
corners,ours,2,3,0.45479634404182434
corners,ours,2,4,0.464077889919281
corners,ours,2,5,0.0
corners,ours,2,6,0.9223681688308716
corners,ours,2,7,0.579567551612854
corners,ours,2,8,0.5238831639289856
corners,ours,2,9,0.0
corners,ours,1,0,0.0
corners,ours,1,1,0.0
corners,ours,1,2,0.5345746278762817
corners,ours,1,3,0.9411919713020325
corners,ours,1,4,0.0
corners,ours,1,5,0.0
corners,ours,1,6,0.5134055018424988
corners,ours,1,7,0.47354885935783386
corners,ours,1,8,0.5345746278762817
corners,ours,1,9,0.0
corners,ours,3,0,0.0
corners,ours,3,1,0.5238831639289856
corners,ours,3,2,0.5345746278762817
corners,ours,3,3,0.9223681688308716
corners,ours,3,4,0.5134055018424988
corners,ours,3,5,0.7536419630050659
corners,ours,3,6,0.5031373500823975
corners,ours,3,7,0.579567551612854
corners,ours,3,8,0.0
corners,ours,3,9,0.9411919713020325
corners,ours,4,0,0.5913954377174377
corners,ours,4,1,0.0
corners,ours,4,2,0.0
corners,ours,4,3,0.47354885935783386
corners,ours,4,4,0.0
corners,ours,4,5,0.4930746257305145
corners,ours,4,6,0.0
corners,ours,4,7,0.0
corners,ours,4,8,0.4930746257305145
corners,ours,4,9,0.5913954377174377
corners,ours,5,0,0.5345746278762817
corners,ours,5,1,0.4832131266593933
corners,ours,5,2,0.579567551612854
corners,ours,5,3,0.7536419630050659
corners,ours,5,4,0.5031373500823975
corners,ours,5,5,0.5566166639328003
corners,ours,5,6,0.8507630228996277
corners,ours,5,7,0.5238831639289856
corners,ours,5,8,0.0
corners,ours,5,9,0.0
corners,ours,6,0,0.0
corners,ours,6,1,0.5345746278762817
corners,ours,6,2,0.0
corners,ours,6,3,0.0
corners,ours,6,4,0.0
corners,ours,6,5,0.0
corners,ours,6,6,0.0
corners,ours,6,7,0.8337477445602417
corners,ours,6,8,0.4832131266593933
corners,ours,6,9,0.8858423829078674
corners,ours,7,0,0.0
corners,ours,7,1,0.47354885935783386
corners,ours,7,2,0.0
corners,ours,7,3,0.0
corners,ours,7,4,0.0
corners,ours,7,5,0.8858423829078674
corners,ours,7,6,0.9411919713020325
corners,ours,7,7,0.9223681688308716
corners,ours,7,8,0.5566166639328003
corners,ours,7,9,0.45479634404182434
corners,ours,8,0,0.0
corners,ours,8,1,0.0
corners,ours,8,2,0.464077889919281
corners,ours,8,3,0.0
corners,ours,8,4,0.567976176738739
corners,ours,8,5,0.8858423829078674
corners,ours,8,6,0.4930746257305145
corners,ours,8,7,0.0
corners,ours,8,8,0.0
corners,ours,8,9,0.4930746257305145
corners,ours,9,0,0.4930746257305145
corners,ours,9,1,0.4832131266593933
corners,ours,9,2,0.45479634404182434
corners,ours,9,3,0.9603999853134155
corners,ours,9,4,0.0
corners,ours,9,5,0.5913954377174377
corners,ours,9,6,0.4832131266593933
corners,ours,9,7,0.8170728087425232
corners,ours,9,8,0.7536419630050659
corners,ours,9,9,0.6676079630851746
corners,tabular,0,0,0.0
corners,tabular,0,1,0.6676079630851746
corners,tabular,0,2,0.7847167253494263
corners,tabular,0,3,0.6951353549957275
corners,tabular,0,4,0.0
corners,tabular,0,5,0.0
corners,tabular,0,6,0.0
corners,tabular,0,7,0.0
corners,tabular,0,8,0.0
corners,tabular,0,9,0.0
corners,tabular,1,0,0.0
corners,tabular,1,1,0.0
corners,tabular,1,2,0.0
corners,tabular,1,3,0.0
corners,tabular,1,4,0.0
corners,tabular,1,5,0.0
corners,tabular,1,6,0.0
corners,tabular,1,7,0.0
corners,tabular,1,8,0.0
corners,tabular,1,9,0.47354885935783386
corners,tabular,2,0,0.0
corners,tabular,2,1,0.0
corners,tabular,2,2,0.0
corners,tabular,2,3,0.0
corners,tabular,2,4,0.0
corners,tabular,2,5,0.0
corners,tabular,2,6,0.0
corners,tabular,2,7,0.0
corners,tabular,2,8,0.0
corners,tabular,2,9,0.0
corners,tabular,3,0,0.0
corners,tabular,3,1,0.0
corners,tabular,3,2,0.0
corners,tabular,3,3,0.0
corners,tabular,3,4,0.0
corners,tabular,3,5,0.8858423829078674
corners,tabular,3,6,0.0
corners,tabular,3,7,0.0
corners,tabular,3,8,0.0
corners,tabular,3,9,0.0
corners,tabular,4,0,0.0
corners,tabular,4,1,0.0
corners,tabular,4,2,0.0
corners,tabular,4,3,0.0
corners,tabular,4,4,0.0
corners,tabular,4,5,0.5031373500823975
corners,tabular,4,6,0.0
corners,tabular,4,7,0.0
corners,tabular,4,8,0.0
corners,tabular,4,9,0.0
corners,tabular,5,0,0.0
corners,tabular,5,1,0.0
corners,tabular,5,2,0.0
corners,tabular,5,3,0.0
corners,tabular,5,4,0.0
corners,tabular,5,5,0.0
corners,tabular,5,6,0.0
corners,tabular,5,7,0.0
corners,tabular,5,8,0.0
corners,tabular,5,9,0.0
corners,tabular,6,0,0.8337477445602417
corners,tabular,6,1,0.0
corners,tabular,6,2,0.5913954377174377
corners,tabular,6,3,0.0
corners,tabular,6,4,0.0
corners,tabular,6,5,0.4832131266593933
corners,tabular,6,6,0.800731360912323
corners,tabular,6,7,0.0
corners,tabular,6,8,0.0
corners,tabular,6,9,0.0
corners,tabular,7,0,0.0
corners,tabular,7,1,0.5454843044281006
corners,tabular,7,2,0.0
corners,tabular,7,3,0.0
corners,tabular,7,4,0.0
corners,tabular,7,5,0.567976176738739
corners,tabular,7,6,0.0
corners,tabular,7,7,0.0
corners,tabular,7,8,0.0
corners,tabular,7,9,0.0
corners,tabular,8,0,0.0
corners,tabular,8,1,0.0
corners,tabular,8,2,0.0
corners,tabular,8,3,0.0
corners,tabular,8,4,0.0
corners,tabular,8,5,0.0
corners,tabular,8,6,0.0
corners,tabular,8,7,0.0
corners,tabular,8,8,0.0
corners,tabular,8,9,0.0
corners,tabular,9,0,0.0
corners,tabular,9,1,0.0
corners,tabular,9,2,0.9039207696914673
corners,tabular,9,3,0.0
corners,tabular,9,4,0.0
corners,tabular,9,5,0.0
corners,tabular,9,6,0.0
corners,tabular,9,7,0.0
corners,tabular,9,8,0.0
corners,tabular,9,9,0.7690224051475525
corners,random,0,0,0.0
corners,random,0,1,0.0
corners,random,0,2,0.0
corners,random,0,3,0.0
corners,random,0,4,0.0
corners,random,0,5,0.0
corners,random,0,6,0.0
corners,random,0,7,0.0
corners,random,0,8,0.0
corners,random,0,9,0.0
corners,random,1,0,0.0
corners,random,1,1,0.47354885935783386
corners,random,1,2,0.0
corners,random,1,3,0.0
corners,random,1,4,0.0
corners,random,1,5,0.0
corners,random,1,6,0.0
corners,random,1,7,0.0
corners,random,1,8,0.0
corners,random,1,9,0.0
corners,random,2,0,0.0
corners,random,2,1,0.0
corners,random,2,2,0.0
corners,random,2,3,0.0
corners,random,2,4,0.0
corners,random,2,5,0.0
corners,random,2,6,0.0
corners,random,2,7,0.0
corners,random,2,8,0.0
corners,random,2,9,0.0
corners,random,3,0,0.0
corners,random,3,1,0.5031373500823975
corners,random,3,2,0.0
corners,random,3,3,0.0
corners,random,3,4,0.0
corners,random,3,5,0.0
corners,random,3,6,0.0
corners,random,3,7,0.0
corners,random,3,8,0.0
corners,random,3,9,0.0
corners,random,4,0,0.0
corners,random,4,1,0.6034647226333618
corners,random,4,2,0.0
corners,random,4,3,0.0
corners,random,4,4,0.0
corners,random,4,5,0.0
corners,random,4,6,0.0
corners,random,4,7,0.0
corners,random,4,8,0.0
corners,random,4,9,0.0
corners,random,5,0,0.0
corners,random,5,1,0.0
corners,random,5,2,0.0
corners,random,5,3,0.0
corners,random,5,4,0.0
corners,random,5,5,0.5566166639328003
corners,random,5,6,0.0
corners,random,5,7,0.0
corners,random,5,8,0.0
corners,random,5,9,0.0
corners,random,6,0,0.0
corners,random,6,1,0.0
corners,random,6,2,0.0
corners,random,6,3,0.0
corners,random,6,4,0.0
corners,random,6,5,0.8858423829078674
corners,random,6,6,0.0
corners,random,6,7,0.0
corners,random,6,8,0.0
corners,random,6,9,0.0
corners,random,7,0,0.0
corners,random,7,1,0.0
corners,random,7,2,0.0
corners,random,7,3,0.0
corners,random,7,4,0.0
corners,random,7,5,0.0
corners,random,7,6,0.8507630228996277
corners,random,7,7,0.6676079630851746
corners,random,7,8,0.0
corners,random,7,9,0.0
corners,random,8,0,0.0
corners,random,8,1,0.0
corners,random,8,2,0.0
corners,random,8,3,0.0
corners,random,8,4,0.7847167253494263
corners,random,8,5,0.0
corners,random,8,6,0.5454843044281006
corners,random,8,7,0.0
corners,random,8,8,0.0
corners,random,8,9,0.0
corners,random,9,0,0.8170728087425232
corners,random,9,1,0.0
corners,random,9,2,0.0
corners,random,9,3,0.0
corners,random,9,4,0.0
corners,random,9,5,0.0
corners,random,9,6,0.0
corners,random,9,7,0.0
corners,random,9,8,0.0
corners,random,9,9,0.0
lava,hardcoded,0,0,0.0
lava,hardcoded,0,1,0.0
lava,hardcoded,0,2,0.0
lava,hardcoded,0,3,0.6812326312065125
lava,hardcoded,0,4,0.6951353549957275
lava,hardcoded,0,5,0.0
lava,hardcoded,0,6,0.0
lava,hardcoded,0,7,0.6157803535461426
lava,hardcoded,0,8,0.4832131266593933
lava,hardcoded,0,9,0.0
lava,hardcoded,1,0,0.0
lava,hardcoded,1,1,0.0
lava,hardcoded,1,2,0.0
lava,hardcoded,1,3,0.6951353549957275
lava,hardcoded,1,4,0.0
lava,hardcoded,1,5,0.0
lava,hardcoded,1,6,0.0
lava,hardcoded,1,7,0.0
lava,hardcoded,1,8,0.0
lava,hardcoded,1,9,0.0
lava,hardcoded,2,0,0.6951353549957275
lava,hardcoded,2,1,0.0
lava,hardcoded,2,2,0.5238831639289856
lava,hardcoded,2,3,0.0
lava,hardcoded,2,4,0.4832131266593933
lava,hardcoded,2,5,0.6951353549957275
lava,hardcoded,2,6,0.0
lava,hardcoded,2,7,0.0
lava,hardcoded,2,8,0.6951353549957275
lava,hardcoded,2,9,0.0
lava,hardcoded,3,0,0.0
lava,hardcoded,3,1,0.0
lava,hardcoded,3,2,0.0
lava,hardcoded,3,3,0.7093217372894287
lava,hardcoded,3,4,0.0
lava,hardcoded,3,5,0.0
lava,hardcoded,3,6,0.7093217372894287
lava,hardcoded,3,7,0.6812326312065125
lava,hardcoded,3,8,0.0
lava,hardcoded,3,9,0.0
lava,hardcoded,4,0,0.6951353549957275
lava,hardcoded,4,1,0.0
lava,hardcoded,4,2,0.0
lava,hardcoded,4,3,0.0
lava,hardcoded,4,4,0.0
lava,hardcoded,4,5,0.5454843044281006
lava,hardcoded,4,6,0.0
lava,hardcoded,4,7,0.0
lava,hardcoded,4,8,0.0
lava,hardcoded,4,9,0.0
lava,hardcoded,5,0,0.6951353549957275
lava,hardcoded,5,1,0.0
lava,hardcoded,5,2,0.0
lava,hardcoded,5,3,0.5238831639289856
lava,hardcoded,5,4,0.0
lava,hardcoded,5,5,0.0
lava,hardcoded,5,6,0.6951353549957275
lava,hardcoded,5,7,0.5454843044281006
lava,hardcoded,5,8,0.0
lava,hardcoded,5,9,0.7093217372894287
lava,hardcoded,6,0,0.0
lava,hardcoded,6,1,0.0
lava,hardcoded,6,2,0.6951353549957275
lava,hardcoded,6,3,0.5238831639289856
lava,hardcoded,6,4,0.0
lava,hardcoded,6,5,0.6157803535461426
lava,hardcoded,6,6,0.0
lava,hardcoded,6,7,0.6951353549957275
lava,hardcoded,6,8,0.0
lava,hardcoded,6,9,0.0
lava,hardcoded,7,0,0.0
lava,hardcoded,7,1,0.0
lava,hardcoded,7,2,0.0
lava,hardcoded,7,3,0.0
lava,hardcoded,7,4,0.5238831639289856
lava,hardcoded,7,5,0.5913954377174377
lava,hardcoded,7,6,0.4832131266593933
lava,hardcoded,7,7,0.0
lava,hardcoded,7,8,0.0
lava,hardcoded,7,9,0.6951353549957275
lava,hardcoded,8,0,0.0
lava,hardcoded,8,1,0.0
lava,hardcoded,8,2,0.0
lava,hardcoded,8,3,0.5913954377174377
lava,hardcoded,8,4,0.0
lava,hardcoded,8,5,0.0
lava,hardcoded,8,6,0.6951353549957275
lava,hardcoded,8,7,0.0
lava,hardcoded,8,8,0.0
lava,hardcoded,8,9,0.0
lava,hardcoded,9,0,0.0
lava,hardcoded,9,1,0.6951353549957275
lava,hardcoded,9,2,0.4832131266593933
lava,hardcoded,9,3,0.6951353549957275
lava,hardcoded,9,4,0.0
lava,hardcoded,9,5,0.0
lava,hardcoded,9,6,0.0
lava,hardcoded,9,7,0.0
lava,hardcoded,9,8,0.7093217372894287
lava,hardcoded,9,9,0.0
lava,ours,0,0,0.0
lava,ours,0,1,0.0
lava,ours,0,2,0.0
lava,ours,0,3,0.0
lava,ours,0,4,0.0
lava,ours,0,5,0.0
lava,ours,0,6,0.0
lava,ours,0,7,0.0
lava,ours,0,8,0.0
lava,ours,0,9,0.0
lava,ours,1,0,0.0
lava,ours,1,1,0.0
lava,ours,1,2,0.0
lava,ours,1,3,0.0
lava,ours,1,4,0.0
lava,ours,1,5,0.0
lava,ours,1,6,0.0
lava,ours,1,7,0.0
lava,ours,1,8,0.0
lava,ours,1,9,0.0
lava,ours,2,0,0.0
lava,ours,2,1,0.0
lava,ours,2,2,0.0
lava,ours,2,3,0.0
lava,ours,2,4,0.0
lava,ours,2,5,0.0
lava,ours,2,6,0.0
lava,ours,2,7,0.0
lava,ours,2,8,0.0
lava,ours,2,9,0.0
lava,ours,3,0,0.0
lava,ours,3,1,0.0
lava,ours,3,2,0.0
lava,ours,3,3,0.0
lava,ours,3,4,0.6676079630851746
lava,ours,3,5,0.0
lava,ours,3,6,0.0
lava,ours,3,7,0.0
lava,ours,3,8,0.0
lava,ours,3,9,0.0
lava,ours,4,0,0.0
lava,ours,4,1,0.0
lava,ours,4,2,0.0
lava,ours,4,3,0.0
lava,ours,4,4,0.0
lava,ours,4,5,0.0
lava,ours,4,6,0.0
lava,ours,4,7,0.0
lava,ours,4,8,0.5345746278762817
lava,ours,4,9,0.0
lava,ours,5,0,0.0
lava,ours,5,1,0.0
lava,ours,5,2,0.0
lava,ours,5,3,0.0
lava,ours,5,4,0.0
lava,ours,5,5,0.0
lava,ours,5,6,0.0
lava,ours,5,7,0.0
lava,ours,5,8,0.0
lava,ours,5,9,0.0
lava,ours,6,0,0.0
lava,ours,6,1,0.0
lava,ours,6,2,0.0
lava,ours,6,3,0.0
lava,ours,6,4,0.0
lava,ours,6,5,0.0
lava,ours,6,6,0.0
lava,ours,6,7,0.0
lava,ours,6,8,0.0
lava,ours,6,9,0.0
lava,ours,7,0,0.0
lava,ours,7,1,0.0
lava,ours,7,2,0.0
lava,ours,7,3,0.0
lava,ours,7,4,0.0
lava,ours,7,5,0.0
lava,ours,7,6,0.0
lava,ours,7,7,0.0
lava,ours,7,8,0.0
lava,ours,7,9,0.0
lava,ours,8,0,0.0
lava,ours,8,1,0.0
lava,ours,8,2,0.0
lava,ours,8,3,0.0
lava,ours,8,4,0.0
lava,ours,8,5,0.0
lava,ours,8,6,0.0
lava,ours,8,7,0.0
lava,ours,8,8,0.0
lava,ours,8,9,0.0
lava,ours,9,0,0.0
lava,ours,9,1,0.0
lava,ours,9,2,0.0
lava,ours,9,3,0.0
lava,ours,9,4,0.0
lava,ours,9,5,0.0
lava,ours,9,6,0.0
lava,ours,9,7,0.0
lava,ours,9,8,0.0
lava,ours,9,9,0.0
lava,tabular,0,0,0.0
lava,tabular,0,1,0.0
lava,tabular,0,2,0.0
lava,tabular,0,3,0.0
lava,tabular,0,4,0.0
lava,tabular,0,5,0.0
lava,tabular,0,6,0.0
lava,tabular,0,7,0.0
lava,tabular,0,8,0.0
lava,tabular,0,9,0.0
lava,tabular,1,0,0.0
lava,tabular,1,1,0.0
lava,tabular,1,2,0.0
lava,tabular,1,3,0.0
lava,tabular,1,4,0.0
lava,tabular,1,5,0.0
lava,tabular,1,6,0.0
lava,tabular,1,7,0.0
lava,tabular,1,8,0.0
lava,tabular,1,9,0.0
lava,tabular,2,0,0.0
lava,tabular,2,1,0.0
lava,tabular,2,2,0.0
lava,tabular,2,3,0.0
lava,tabular,2,4,0.0
lava,tabular,2,5,0.0
lava,tabular,2,6,0.0
lava,tabular,2,7,0.0
lava,tabular,2,8,0.0
lava,tabular,2,9,0.0
lava,tabular,3,0,0.0
lava,tabular,3,1,0.0
lava,tabular,3,2,0.0
lava,tabular,3,3,0.0
lava,tabular,3,4,0.0
lava,tabular,3,5,0.0
lava,tabular,3,6,0.0
lava,tabular,3,7,0.0
lava,tabular,3,8,0.0
lava,tabular,3,9,0.0
lava,tabular,4,0,0.0
lava,tabular,4,1,0.0
lava,tabular,4,2,0.0
lava,tabular,4,3,0.6411706805229187
lava,tabular,4,4,0.0
lava,tabular,4,5,0.0
lava,tabular,4,6,0.0
lava,tabular,4,7,0.0
lava,tabular,4,8,0.0
lava,tabular,4,9,0.0
lava,tabular,5,0,0.7237977385520935
lava,tabular,5,1,0.0
lava,tabular,5,2,0.0
lava,tabular,5,3,0.0
lava,tabular,5,4,0.0
lava,tabular,5,5,0.0
lava,tabular,5,6,0.7237977385520935
lava,tabular,5,7,0.0
lava,tabular,5,8,0.0
lava,tabular,5,9,0.0
lava,tabular,6,0,0.7237977385520935
lava,tabular,6,1,0.0
lava,tabular,6,2,0.0
lava,tabular,6,3,0.0
lava,tabular,6,4,0.0
lava,tabular,6,5,0.7237977385520935
lava,tabular,6,6,0.0
lava,tabular,6,7,0.0
lava,tabular,6,8,0.0
lava,tabular,6,9,0.0
lava,tabular,7,0,0.0
lava,tabular,7,1,0.0
lava,tabular,7,2,0.0
lava,tabular,7,3,0.0
lava,tabular,7,4,0.0
lava,tabular,7,5,0.0
lava,tabular,7,6,0.0
lava,tabular,7,7,0.0
lava,tabular,7,8,0.0
lava,tabular,7,9,0.0
lava,tabular,8,0,0.0
lava,tabular,8,1,0.0
lava,tabular,8,2,0.0
lava,tabular,8,3,0.0
lava,tabular,8,4,0.0
lava,tabular,8,5,0.0
lava,tabular,8,6,0.0
lava,tabular,8,7,0.0
lava,tabular,8,8,0.0
lava,tabular,8,9,0.0
lava,tabular,9,0,0.0
lava,tabular,9,1,0.0
lava,tabular,9,2,0.0
lava,tabular,9,3,0.0
lava,tabular,9,4,0.0
lava,tabular,9,5,0.0
lava,tabular,9,6,0.7237977385520935
lava,tabular,9,7,0.0
lava,tabular,9,8,0.0
lava,tabular,9,9,0.0
lava,random,0,0,0.0
lava,random,0,1,0.0
lava,random,0,2,0.0
lava,random,0,3,0.0
lava,random,0,4,0.0
lava,random,0,5,0.0
lava,random,0,6,0.0
lava,random,0,7,0.0
lava,random,0,8,0.0
lava,random,0,9,0.0
lava,random,1,0,0.0
lava,random,1,1,0.0
lava,random,1,2,0.0
lava,random,1,3,0.0
lava,random,1,4,0.0
lava,random,1,5,0.0
lava,random,1,6,0.0
lava,random,1,7,0.0
lava,random,1,8,0.0
lava,random,1,9,0.0
lava,random,2,0,0.0
lava,random,2,1,0.0
lava,random,2,2,0.0
lava,random,2,3,0.0
lava,random,2,4,0.0
lava,random,2,5,0.0
lava,random,2,6,0.0
lava,random,2,7,0.0
lava,random,2,8,0.0
lava,random,2,9,0.0
lava,random,3,0,0.0
lava,random,3,1,0.0
lava,random,3,2,0.0
lava,random,3,3,0.0
lava,random,3,4,0.0
lava,random,3,5,0.0
lava,random,3,6,0.0
lava,random,3,7,0.0
lava,random,3,8,0.0
lava,random,3,9,0.0
lava,random,4,0,0.0
lava,random,4,1,0.0
lava,random,4,2,0.0
lava,random,4,3,0.0
lava,random,4,4,0.0
lava,random,4,5,0.0
lava,random,4,6,0.0
lava,random,4,7,0.0
lava,random,4,8,0.0
lava,random,4,9,0.0
lava,random,5,0,0.0
lava,random,5,1,0.0
lava,random,5,2,0.0
lava,random,5,3,0.0
lava,random,5,4,0.0
lava,random,5,5,0.0
lava,random,5,6,0.0
lava,random,5,7,0.0
lava,random,5,8,0.0
lava,random,5,9,0.0
lava,random,6,0,0.0
lava,random,6,1,0.0
lava,random,6,2,0.0
lava,random,6,3,0.0
lava,random,6,4,0.0
lava,random,6,5,0.0
lava,random,6,6,0.0
lava,random,6,7,0.0
lava,random,6,8,0.0
lava,random,6,9,0.0
lava,random,7,0,0.0
lava,random,7,1,0.0
lava,random,7,2,0.0
lava,random,7,3,0.0
lava,random,7,4,0.0
lava,random,7,5,0.0
lava,random,7,6,0.0
lava,random,7,7,0.0
lava,random,7,8,0.0
lava,random,7,9,0.0
lava,random,8,0,0.0
lava,random,8,1,0.0
lava,random,8,2,0.0
lava,random,8,3,0.0
lava,random,8,4,0.0
lava,random,8,5,0.0
lava,random,8,6,0.0
lava,random,8,7,0.0
lava,random,8,8,0.0
lava,random,8,9,0.0
lava,random,9,0,0.0
lava,random,9,1,0.0
lava,random,9,2,0.0
lava,random,9,3,0.0
lava,random,9,4,0.0
lava,random,9,5,0.0
lava,random,9,6,0.0
lava,random,9,7,0.0
lava,random,9,8,0.0
lava,random,9,9,0.0
four_rooms,hardcoded,0,0,0.464077889919281
four_rooms,hardcoded,0,1,0.5238831639289856
four_rooms,hardcoded,0,2,0.464077889919281
four_rooms,hardcoded,0,3,0.579567551612854
four_rooms,hardcoded,0,4,0.6542558073997498
four_rooms,hardcoded,0,5,0.6283472776412964
four_rooms,hardcoded,0,6,0.41948965191841125
four_rooms,hardcoded,0,7,0.0
four_rooms,hardcoded,0,8,0.6034647226333618
four_rooms,hardcoded,0,9,0.6542558073997498
four_rooms,hardcoded,1,0,0.6034647226333618
four_rooms,hardcoded,1,1,0.5454843044281006
four_rooms,hardcoded,1,2,0.4930746257305145
four_rooms,hardcoded,1,3,0.6283472776412964
four_rooms,hardcoded,1,4,0.44570040702819824
four_rooms,hardcoded,1,5,0.4110998511314392
four_rooms,hardcoded,1,6,0.5913954377174377
four_rooms,hardcoded,1,7,0.6034647226333618
four_rooms,hardcoded,1,8,0.5345746278762817
four_rooms,hardcoded,1,9,0.5345746278762817
four_rooms,hardcoded,2,0,0.7093217372894287
four_rooms,hardcoded,2,1,0.6676079630851746
four_rooms,hardcoded,2,2,0.6411706805229187
four_rooms,hardcoded,2,3,0.5454843044281006
four_rooms,hardcoded,2,4,0.0
four_rooms,hardcoded,2,5,0.5345746278762817
four_rooms,hardcoded,2,6,0.6676079630851746
four_rooms,hardcoded,2,7,0.6542558073997498
four_rooms,hardcoded,2,8,0.7093217372894287
four_rooms,hardcoded,2,9,0.6283472776412964
four_rooms,hardcoded,3,0,0.5913954377174377
four_rooms,hardcoded,3,1,0.6951353549957275
four_rooms,hardcoded,3,2,0.567976176738739
four_rooms,hardcoded,3,3,0.5566166639328003
four_rooms,hardcoded,3,4,0.6283472776412964
four_rooms,hardcoded,3,5,0.6951353549957275
four_rooms,hardcoded,3,6,0.45479634404182434
four_rooms,hardcoded,3,7,0.0
four_rooms,hardcoded,3,8,0.5134055018424988
four_rooms,hardcoded,3,9,0.6283472776412964
four_rooms,hardcoded,4,0,0.0
four_rooms,hardcoded,4,1,0.5913954377174377
four_rooms,hardcoded,4,2,0.6157803535461426
four_rooms,hardcoded,4,3,0.5031373500823975
four_rooms,hardcoded,4,4,0.6283472776412964
four_rooms,hardcoded,4,5,0.5566166639328003
four_rooms,hardcoded,4,6,0.5913954377174377
four_rooms,hardcoded,4,7,0.6157803535461426
four_rooms,hardcoded,4,8,0.6676079630851746
four_rooms,hardcoded,4,9,0.579567551612854
four_rooms,hardcoded,5,0,0.5454843044281006
four_rooms,hardcoded,5,1,0.6411706805229187
four_rooms,hardcoded,5,2,0.0
four_rooms,hardcoded,5,3,0.0
four_rooms,hardcoded,5,4,0.5566166639328003
four_rooms,hardcoded,5,5,0.6034647226333618
four_rooms,hardcoded,5,6,0.6034647226333618
four_rooms,hardcoded,5,7,0.0
four_rooms,hardcoded,5,8,0.6542558073997498
four_rooms,hardcoded,5,9,0.6951353549957275
four_rooms,hardcoded,6,0,0.6542558073997498
four_rooms,hardcoded,6,1,0.5913954377174377
four_rooms,hardcoded,6,2,0.5345746278762817
four_rooms,hardcoded,6,3,0.5566166639328003
four_rooms,hardcoded,6,4,0.6034647226333618
four_rooms,hardcoded,6,5,0.579567551612854
four_rooms,hardcoded,6,6,0.6034647226333618
four_rooms,hardcoded,6,7,0.47354885935783386
four_rooms,hardcoded,6,8,0.464077889919281
four_rooms,hardcoded,6,9,0.5913954377174377
four_rooms,hardcoded,7,0,0.5566166639328003
four_rooms,hardcoded,7,1,0.47354885935783386
four_rooms,hardcoded,7,2,0.0
four_rooms,hardcoded,7,3,0.6157803535461426
four_rooms,hardcoded,7,4,0.5238831639289856
four_rooms,hardcoded,7,5,0.6411706805229187
four_rooms,hardcoded,7,6,0.5566166639328003
four_rooms,hardcoded,7,7,0.5345746278762817
four_rooms,hardcoded,7,8,0.5238831639289856
four_rooms,hardcoded,7,9,0.6951353549957275
four_rooms,hardcoded,8,0,0.6676079630851746
four_rooms,hardcoded,8,1,0.567976176738739
four_rooms,hardcoded,8,2,0.6676079630851746
four_rooms,hardcoded,8,3,0.4832131266593933
four_rooms,hardcoded,8,4,0.6034647226333618
four_rooms,hardcoded,8,5,0.6157803535461426
four_rooms,hardcoded,8,6,0.6951353549957275
four_rooms,hardcoded,8,7,0.5345746278762817
four_rooms,hardcoded,8,8,0.6676079630851746
four_rooms,hardcoded,8,9,0.0
four_rooms,hardcoded,9,0,0.6812326312065125
four_rooms,hardcoded,9,1,0.567976176738739
four_rooms,hardcoded,9,2,0.579567551612854
four_rooms,hardcoded,9,3,0.6676079630851746
four_rooms,hardcoded,9,4,0.0
four_rooms,hardcoded,9,5,0.6951353549957275
four_rooms,hardcoded,9,6,0.5134055018424988
four_rooms,hardcoded,9,7,0.567976176738739
four_rooms,hardcoded,9,8,0.5238831639289856
four_rooms,hardcoded,9,9,0.5913954377174377
four_rooms,ours,2,0,0.0
four_rooms,ours,2,1,0.24312257766723633
four_rooms,ours,2,2,0.45479634404182434
four_rooms,ours,2,3,0.0
four_rooms,ours,2,4,0.3641696870326996
four_rooms,ours,2,5,0.0
four_rooms,ours,2,6,0.0
four_rooms,ours,2,7,0.43678638339042664
four_rooms,ours,2,8,0.4930746257305145
four_rooms,ours,2,9,0.0
four_rooms,ours,3,0,0.0
four_rooms,ours,3,1,0.43678638339042664
four_rooms,ours,3,2,0.0
four_rooms,ours,3,3,0.567976176738739
four_rooms,ours,3,4,0.0
four_rooms,ours,3,5,0.47354885935783386
four_rooms,ours,3,6,0.464077889919281
four_rooms,ours,3,7,0.4930746257305145
four_rooms,ours,3,8,0.1656230390071869
four_rooms,ours,3,9,0.0
four_rooms,ours,4,0,0.23826013505458832
four_rooms,ours,4,1,0.4110998511314392
four_rooms,ours,4,2,0.41948965191841125
four_rooms,ours,4,3,0.5454843044281006
four_rooms,ours,4,4,0.6034647226333618
four_rooms,ours,4,5,0.41948965191841125
four_rooms,ours,4,6,0.0
four_rooms,ours,4,7,0.0
four_rooms,ours,4,8,0.5345746278762817
four_rooms,ours,4,9,0.37918540835380554
four_rooms,ours,5,0,0.0
four_rooms,ours,5,1,0.45479634404182434
four_rooms,ours,5,2,0.464077889919281
four_rooms,ours,5,3,0.0
four_rooms,ours,5,4,0.0
four_rooms,ours,5,5,0.5134055018424988
four_rooms,ours,5,6,0.45479634404182434
four_rooms,ours,5,7,0.5566166639328003
four_rooms,ours,5,8,0.39482030272483826
four_rooms,ours,5,9,0.22424852848052979
four_rooms,ours,6,0,0.0
four_rooms,ours,6,1,0.4930746257305145
four_rooms,ours,6,2,0.5031373500823975
four_rooms,ours,6,3,0.37918540835380554
four_rooms,ours,6,4,0.0
four_rooms,ours,6,5,0.39482030272483826
four_rooms,ours,6,6,0.3869239091873169
four_rooms,ours,6,7,0.0
four_rooms,ours,6,8,0.5031373500823975
four_rooms,ours,6,9,0.464077889919281
four_rooms,ours,7,0,0.0
four_rooms,ours,7,1,0.24312257766723633
four_rooms,ours,7,2,0.0
four_rooms,ours,7,3,0.41948965191841125
four_rooms,ours,7,4,0.0
four_rooms,ours,7,5,0.5454843044281006
four_rooms,ours,7,6,0.5238831639289856
four_rooms,ours,7,7,0.3427535891532898
four_rooms,ours,7,8,0.0
four_rooms,ours,7,9,0.5454843044281006
four_rooms,ours,8,0,0.0
four_rooms,ours,8,1,0.0
four_rooms,ours,8,2,0.0
four_rooms,ours,8,3,0.0
four_rooms,ours,8,4,0.0
four_rooms,ours,8,5,0.0
four_rooms,ours,8,6,0.0
four_rooms,ours,8,7,0.464077889919281
four_rooms,ours,8,8,0.4930746257305145
four_rooms,ours,8,9,0.4280506670475006
four_rooms,ours,9,0,0.0
four_rooms,ours,9,1,0.0
four_rooms,ours,9,2,0.0
four_rooms,ours,9,3,0.0
four_rooms,ours,9,4,0.0
four_rooms,ours,9,5,0.0
four_rooms,ours,9,6,0.0
four_rooms,ours,9,7,0.0
four_rooms,ours,9,8,0.0
four_rooms,ours,9,9,0.0
four_rooms,ours,0,0,0.4110998511314392
four_rooms,ours,0,1,0.4280506670475006
four_rooms,ours,0,2,0.4280506670475006
four_rooms,ours,0,3,0.464077889919281
four_rooms,ours,0,4,0.5454843044281006
four_rooms,ours,0,5,0.3869239091873169
four_rooms,ours,0,6,0.4832131266593933
four_rooms,ours,0,7,0.0
four_rooms,ours,0,8,0.41948965191841125
four_rooms,ours,0,9,0.1656230390071869
four_rooms,tabular,0,0,0.6034647226333618
four_rooms,tabular,0,1,0.0
four_rooms,tabular,0,2,0.0
four_rooms,tabular,0,3,0.0
four_rooms,tabular,0,4,0.3427535891532898
four_rooms,tabular,0,5,0.24312257766723633
four_rooms,tabular,0,6,0.5238831639289856
four_rooms,tabular,0,7,0.0
four_rooms,tabular,0,8,0.0
four_rooms,tabular,0,9,0.0
four_rooms,tabular,1,0,0.0
four_rooms,tabular,1,1,0.0
four_rooms,tabular,1,2,0.0
four_rooms,tabular,1,3,0.0
four_rooms,tabular,1,4,0.0
four_rooms,tabular,1,5,0.0
four_rooms,tabular,1,6,0.0
four_rooms,tabular,1,7,0.0
four_rooms,tabular,1,8,0.0
four_rooms,tabular,1,9,0.2857700288295746
four_rooms,tabular,2,0,0.0
four_rooms,tabular,2,1,0.0
four_rooms,tabular,2,2,0.28005462884902954
four_rooms,tabular,2,3,0.0
four_rooms,tabular,2,4,0.0
four_rooms,tabular,2,5,0.4110998511314392
four_rooms,tabular,2,6,0.6951353549957275
four_rooms,tabular,2,7,0.0
four_rooms,tabular,2,8,0.0
four_rooms,tabular,2,9,0.0
four_rooms,tabular,3,0,0.0
four_rooms,tabular,3,1,0.5913954377174377
four_rooms,tabular,3,2,0.0
four_rooms,tabular,3,3,0.0
four_rooms,tabular,3,4,0.0
four_rooms,tabular,3,5,0.0
four_rooms,tabular,3,6,0.0
four_rooms,tabular,3,7,0.25831347703933716
four_rooms,tabular,3,8,0.0
four_rooms,tabular,3,9,0.0
four_rooms,tabular,4,0,0.0
four_rooms,tabular,4,1,0.0
four_rooms,tabular,4,2,0.0
four_rooms,tabular,4,3,0.579567551612854
four_rooms,tabular,4,4,0.6157803535461426
four_rooms,tabular,4,5,0.0
four_rooms,tabular,4,6,0.16900309920310974
four_rooms,tabular,4,7,0.0
four_rooms,tabular,4,8,0.0
four_rooms,tabular,4,9,0.0
four_rooms,tabular,5,0,0.0
four_rooms,tabular,5,1,0.0
four_rooms,tabular,5,2,0.0
four_rooms,tabular,5,3,0.0
four_rooms,tabular,5,4,0.0
four_rooms,tabular,5,5,0.0
four_rooms,tabular,5,6,0.0
four_rooms,tabular,5,7,0.1353260725736618
four_rooms,tabular,5,8,0.41948965191841125
four_rooms,tabular,5,9,0.0
four_rooms,tabular,6,0,0.0
four_rooms,tabular,6,1,0.0
four_rooms,tabular,6,2,0.0
four_rooms,tabular,6,3,0.0
four_rooms,tabular,6,4,0.0
four_rooms,tabular,6,5,0.0
four_rooms,tabular,6,6,0.0
four_rooms,tabular,6,7,0.0
four_rooms,tabular,6,8,0.0
four_rooms,tabular,6,9,0.0
four_rooms,tabular,7,0,0.0
four_rooms,tabular,7,1,0.6951353549957275
four_rooms,tabular,7,2,0.0
four_rooms,tabular,7,3,0.0
four_rooms,tabular,7,4,0.16900309920310974
four_rooms,tabular,7,5,0.0
four_rooms,tabular,7,6,0.0
four_rooms,tabular,7,7,0.0
four_rooms,tabular,7,8,0.0
four_rooms,tabular,7,9,0.23826013505458832
four_rooms,tabular,8,0,0.0
four_rooms,tabular,8,1,0.0
four_rooms,tabular,8,2,0.0
four_rooms,tabular,8,3,0.6951353549957275
four_rooms,tabular,8,4,0.0
four_rooms,tabular,8,5,0.0
four_rooms,tabular,8,6,0.0
four_rooms,tabular,8,7,0.0
four_rooms,tabular,8,8,0.0
four_rooms,tabular,8,9,0.0
four_rooms,tabular,9,0,0.5345746278762817
four_rooms,tabular,9,1,0.0
four_rooms,tabular,9,2,0.6411706805229187
four_rooms,tabular,9,3,0.0
four_rooms,tabular,9,4,0.0
four_rooms,tabular,9,5,0.5345746278762817
four_rooms,tabular,9,6,0.2635851800441742
four_rooms,tabular,9,7,0.2635851800441742
four_rooms,tabular,9,8,0.21976356208324432
four_rooms,tabular,9,9,0.0
unlock,hardcoded,0,0,0.7847167253494263
unlock,hardcoded,0,1,0.7536419630050659
unlock,hardcoded,0,2,0.7385690808296204
unlock,hardcoded,0,3,0.8170728087425232
unlock,hardcoded,0,4,0.8337477445602417
unlock,hardcoded,0,5,0.7536419630050659
unlock,hardcoded,0,6,0.7536419630050659
unlock,hardcoded,0,7,0.7536419630050659
unlock,hardcoded,0,8,0.7385690808296204
unlock,hardcoded,0,9,0.6812326312065125
unlock,hardcoded,1,0,0.7847167253494263
unlock,hardcoded,1,1,0.7237977385520935
unlock,hardcoded,1,2,0.7690224051475525
unlock,hardcoded,1,3,0.7847167253494263
unlock,hardcoded,1,4,0.7847167253494263
unlock,hardcoded,1,5,0.7385690808296204
unlock,hardcoded,1,6,0.8507630228996277
unlock,hardcoded,1,7,0.8507630228996277
unlock,hardcoded,1,8,0.7690224051475525
unlock,hardcoded,1,9,0.6411706805229187
unlock,hardcoded,2,0,0.7385690808296204
unlock,hardcoded,2,1,0.6283472776412964
unlock,hardcoded,2,2,0.7093217372894287
unlock,hardcoded,2,3,0.7385690808296204
unlock,hardcoded,2,4,0.800731360912323
unlock,hardcoded,2,5,0.6812326312065125
unlock,hardcoded,2,6,0.7536419630050659
unlock,hardcoded,2,7,0.6676079630851746
unlock,hardcoded,2,8,0.7237977385520935
unlock,hardcoded,2,9,0.7690224051475525
unlock,hardcoded,3,0,0.7536419630050659
unlock,hardcoded,3,1,0.7093217372894287
unlock,hardcoded,3,2,0.7847167253494263
unlock,hardcoded,3,3,0.7536419630050659
unlock,hardcoded,3,4,0.6951353549957275
unlock,hardcoded,3,5,0.7237977385520935
unlock,hardcoded,3,6,0.7690224051475525
unlock,hardcoded,3,7,0.7690224051475525
unlock,hardcoded,3,8,0.8507630228996277
unlock,hardcoded,3,9,0.7093217372894287
unlock,hardcoded,4,0,0.7237977385520935
unlock,hardcoded,4,1,0.7536419630050659
unlock,hardcoded,4,2,0.7385690808296204
unlock,hardcoded,4,3,0.8170728087425232
unlock,hardcoded,4,4,0.7385690808296204
unlock,hardcoded,4,5,0.7690224051475525
unlock,hardcoded,4,6,0.7690224051475525
unlock,hardcoded,4,7,0.7385690808296204
unlock,hardcoded,4,8,0.7690224051475525
unlock,hardcoded,4,9,0.6411706805229187
unlock,hardcoded,5,0,0.6676079630851746
unlock,hardcoded,5,1,0.7690224051475525
unlock,hardcoded,5,2,0.7536419630050659
unlock,hardcoded,5,3,0.7847167253494263
unlock,hardcoded,5,4,0.8170728087425232
unlock,hardcoded,5,5,0.7847167253494263
unlock,hardcoded,5,6,0.6812326312065125
unlock,hardcoded,5,7,0.7690224051475525
unlock,hardcoded,5,8,0.7536419630050659
unlock,hardcoded,5,9,0.8337477445602417
unlock,hardcoded,6,0,0.7847167253494263
unlock,hardcoded,6,1,0.6411706805229187
unlock,hardcoded,6,2,0.7847167253494263
unlock,hardcoded,6,3,0.7093217372894287
unlock,hardcoded,6,4,0.7690224051475525
unlock,hardcoded,6,5,0.7690224051475525
unlock,hardcoded,6,6,0.7690224051475525
unlock,hardcoded,6,7,0.6812326312065125
unlock,hardcoded,6,8,0.6812326312065125
unlock,hardcoded,6,9,0.7690224051475525
unlock,hardcoded,7,0,0.8170728087425232
unlock,hardcoded,7,1,0.8337477445602417
unlock,hardcoded,7,2,0.7385690808296204
unlock,hardcoded,7,3,0.7847167253494263
unlock,hardcoded,7,4,0.6283472776412964
unlock,hardcoded,7,5,0.8170728087425232
unlock,hardcoded,7,6,0.7385690808296204
unlock,hardcoded,7,7,0.8507630228996277
unlock,hardcoded,7,8,0.6812326312065125
unlock,hardcoded,7,9,0.7093217372894287
unlock,hardcoded,8,0,0.7847167253494263
unlock,hardcoded,8,1,0.800731360912323
unlock,hardcoded,8,2,0.7536419630050659
unlock,hardcoded,8,3,0.7093217372894287
unlock,hardcoded,8,4,0.7237977385520935
unlock,hardcoded,8,5,0.7847167253494263
unlock,hardcoded,8,6,0.7237977385520935
unlock,hardcoded,8,7,0.7847167253494263
unlock,hardcoded,8,8,0.7690224051475525
unlock,hardcoded,8,9,0.7385690808296204
unlock,hardcoded,9,0,0.7690224051475525
unlock,hardcoded,9,1,0.7385690808296204
unlock,hardcoded,9,2,0.8170728087425232
unlock,hardcoded,9,3,0.8337477445602417
unlock,hardcoded,9,4,0.7847167253494263
unlock,hardcoded,9,5,0.7536419630050659
unlock,hardcoded,9,6,0.800731360912323
unlock,hardcoded,9,7,0.7093217372894287
unlock,hardcoded,9,8,0.7690224051475525
unlock,hardcoded,9,9,0.6951353549957275
unlock,ours,0,0,0.0
unlock,ours,0,1,0.0
unlock,ours,0,2,0.0
unlock,ours,0,3,0.0
unlock,ours,0,4,0.0
unlock,ours,0,5,0.0
unlock,ours,0,6,0.0
unlock,ours,0,7,0.0
unlock,ours,0,8,0.0
unlock,ours,0,9,0.0
unlock,ours,1,0,0.0
unlock,ours,1,1,0.0
unlock,ours,1,2,0.0
unlock,ours,1,3,0.0
unlock,ours,1,4,0.8170728087425232
unlock,ours,1,5,0.7385690808296204
unlock,ours,1,6,0.7847167253494263
unlock,ours,1,7,0.7847167253494263
unlock,ours,1,8,0.7385690808296204
unlock,ours,1,9,0.7690224051475525
unlock,ours,2,0,0.0
unlock,ours,2,1,0.0
unlock,ours,2,2,0.0
unlock,ours,2,3,0.0
unlock,ours,2,4,0.0
unlock,ours,2,5,0.0
unlock,ours,2,6,0.0
unlock,ours,2,7,0.0
unlock,ours,2,8,0.0
unlock,ours,2,9,0.0
unlock,ours,3,0,0.0
unlock,ours,3,1,0.0
unlock,ours,3,2,0.0
unlock,ours,3,3,0.0
unlock,ours,3,4,0.0
unlock,ours,3,5,0.0
unlock,ours,3,6,0.0
unlock,ours,3,7,0.0
unlock,ours,3,8,0.0
unlock,ours,3,9,0.0
unlock,ours,4,0,0.0
unlock,ours,4,1,0.0
unlock,ours,4,2,0.0
unlock,ours,4,3,0.0
unlock,ours,4,4,0.0
unlock,ours,4,5,0.0
unlock,ours,4,6,0.0
unlock,ours,4,7,0.0
unlock,ours,4,8,0.6283472776412964
unlock,ours,4,9,0.6951353549957275
unlock,ours,5,0,0.0
unlock,ours,5,1,0.0
unlock,ours,5,2,0.0
unlock,ours,5,3,0.0
unlock,ours,5,4,0.0
unlock,ours,5,5,0.0
unlock,ours,5,6,0.0
unlock,ours,5,7,0.0
unlock,ours,5,8,0.0
unlock,ours,5,9,0.0
unlock,ours,6,0,0.0
unlock,ours,6,1,0.7237977385520935
unlock,ours,6,2,0.567976176738739
unlock,ours,6,3,0.7690224051475525
unlock,ours,6,4,0.8337477445602417
unlock,ours,6,5,0.7690224051475525
unlock,ours,6,6,0.800731360912323
unlock,ours,6,7,0.7847167253494263
unlock,ours,6,8,0.7385690808296204
unlock,ours,6,9,0.7847167253494263
unlock,ours,8,0,0.0
unlock,ours,8,1,0.0
unlock,ours,8,2,0.0
unlock,ours,8,3,0.0
unlock,ours,8,4,0.0
unlock,ours,8,5,0.0
unlock,ours,8,6,0.0
unlock,ours,8,7,0.0
unlock,ours,8,8,0.0
unlock,ours,8,9,0.0
unlock,ours,9,0,0.0
unlock,ours,9,1,0.0
unlock,ours,9,2,0.0
unlock,ours,9,3,0.0
unlock,ours,9,4,0.0
unlock,ours,9,5,0.0
unlock,ours,9,6,0.0
unlock,ours,9,7,0.0
unlock,ours,9,8,0.0
unlock,ours,9,9,0.0
unlock,ours,7,0,0.0
unlock,ours,7,1,0.0
unlock,ours,7,2,0.0
unlock,ours,7,3,0.0
unlock,ours,7,4,0.0
unlock,ours,7,5,0.0
unlock,ours,7,6,0.0
unlock,ours,7,7,0.0
unlock,ours,7,8,0.0
unlock,ours,7,9,0.0
unlock,tabular,0,0,0.7536419630050659
unlock,tabular,0,1,0.0
unlock,tabular,0,2,0.0
unlock,tabular,0,3,0.0
unlock,tabular,0,4,0.0
unlock,tabular,0,5,0.0
unlock,tabular,0,6,0.0
unlock,tabular,0,7,0.0
unlock,tabular,0,8,0.0
unlock,tabular,0,9,0.0
unlock,tabular,1,0,0.0
unlock,tabular,1,1,0.0
unlock,tabular,1,2,0.0
unlock,tabular,1,3,0.0
unlock,tabular,1,4,0.0
unlock,tabular,1,5,0.0
unlock,tabular,1,6,0.0
unlock,tabular,1,7,0.0
unlock,tabular,1,8,0.0
unlock,tabular,1,9,0.0
unlock,tabular,2,0,0.0
unlock,tabular,2,1,0.0
unlock,tabular,2,2,0.0
unlock,tabular,2,3,0.0
unlock,tabular,2,4,0.0
unlock,tabular,2,5,0.0
unlock,tabular,2,6,0.0
unlock,tabular,2,7,0.0
unlock,tabular,2,8,0.0
unlock,tabular,2,9,0.0
unlock,tabular,3,0,0.0
unlock,tabular,3,1,0.0
unlock,tabular,3,2,0.0
unlock,tabular,3,3,0.0
unlock,tabular,3,4,0.0
unlock,tabular,3,5,0.0
unlock,tabular,3,6,0.0
unlock,tabular,3,7,0.0
unlock,tabular,3,8,0.0
unlock,tabular,3,9,0.0
unlock,tabular,4,0,0.0
unlock,tabular,4,1,0.0
unlock,tabular,4,2,0.0
unlock,tabular,4,3,0.0
unlock,tabular,4,4,0.0
unlock,tabular,4,5,0.0
unlock,tabular,4,6,0.0
unlock,tabular,4,7,0.0
unlock,tabular,4,8,0.0
unlock,tabular,4,9,0.0
unlock,tabular,5,0,0.0
unlock,tabular,5,1,0.0
unlock,tabular,5,2,0.0
unlock,tabular,5,3,0.0
unlock,tabular,5,4,0.0
unlock,tabular,5,5,0.0
unlock,tabular,5,6,0.0
unlock,tabular,5,7,0.0
unlock,tabular,5,8,0.0
unlock,tabular,5,9,0.0
unlock,tabular,6,0,0.0
unlock,tabular,6,1,0.0
unlock,tabular,6,2,0.0
unlock,tabular,6,3,0.0
unlock,tabular,6,4,0.0
unlock,tabular,6,5,0.0
unlock,tabular,6,6,0.0
unlock,tabular,6,7,0.0
unlock,tabular,6,8,0.0
unlock,tabular,6,9,0.0
unlock,tabular,7,0,0.0
unlock,tabular,7,1,0.0
unlock,tabular,7,2,0.0
unlock,tabular,7,3,0.0
unlock,tabular,7,4,0.0
unlock,tabular,7,5,0.0
unlock,tabular,7,6,0.0
unlock,tabular,7,7,0.0
unlock,tabular,7,8,0.0
unlock,tabular,7,9,0.0
unlock,tabular,8,0,0.0
unlock,tabular,8,1,0.0
unlock,tabular,8,2,0.0
unlock,tabular,8,3,0.0
unlock,tabular,8,4,0.0
unlock,tabular,8,5,0.0
unlock,tabular,8,6,0.0
unlock,tabular,8,7,0.0
unlock,tabular,8,8,0.0
unlock,tabular,8,9,0.0
unlock,tabular,9,0,0.0
unlock,tabular,9,1,0.0
unlock,tabular,9,2,0.0
unlock,tabular,9,3,0.0
unlock,tabular,9,4,0.0
unlock,tabular,9,5,0.0
unlock,tabular,9,6,0.0
unlock,tabular,9,7,0.0
unlock,tabular,9,8,0.0
unlock,tabular,9,9,0.0
unlock,random,0,0,0.0
unlock,random,0,1,0.0
unlock,random,0,2,0.0
unlock,random,0,3,0.0
unlock,random,0,4,0.0
unlock,random,0,5,0.0
unlock,random,0,6,0.0
unlock,random,0,7,0.0
unlock,random,0,8,0.0
unlock,random,0,9,0.0
unlock,random,1,0,0.0
unlock,random,1,1,0.0
unlock,random,1,2,0.0
unlock,random,1,3,0.0
unlock,random,1,4,0.0
unlock,random,1,5,0.0
unlock,random,1,6,0.0
unlock,random,1,7,0.0
unlock,random,1,8,0.0
unlock,random,1,9,0.0
unlock,random,2,0,0.0
unlock,random,2,1,0.0
unlock,random,2,2,0.0
unlock,random,2,3,0.0
unlock,random,2,4,0.0
unlock,random,2,5,0.0
unlock,random,2,6,0.0
unlock,random,2,7,0.0
unlock,random,2,8,0.0
unlock,random,2,9,0.0
unlock,random,3,0,0.0
unlock,random,3,1,0.0
unlock,random,3,2,0.0
unlock,random,3,3,0.0
unlock,random,3,4,0.0
unlock,random,3,5,0.0
unlock,random,3,6,0.0
unlock,random,3,7,0.0
unlock,random,3,8,0.0
unlock,random,3,9,0.0
unlock,random,4,0,0.0
unlock,random,4,1,0.0
unlock,random,4,2,0.0
unlock,random,4,3,0.0
unlock,random,4,4,0.0
unlock,random,4,5,0.0
unlock,random,4,6,0.0
unlock,random,4,7,0.0
unlock,random,4,8,0.0
unlock,random,4,9,0.0
unlock,random,5,0,0.0
unlock,random,5,1,0.0
unlock,random,5,2,0.0
unlock,random,5,3,0.0
unlock,random,5,4,0.0
unlock,random,5,5,0.0
unlock,random,5,6,0.0
unlock,random,5,7,0.0
unlock,random,5,8,0.0
unlock,random,5,9,0.0
unlock,random,6,0,0.7093217372894287
unlock,random,6,1,0.0
unlock,random,6,2,0.0
unlock,random,6,3,0.0
unlock,random,6,4,0.0
unlock,random,6,5,0.0
unlock,random,6,6,0.0
unlock,random,6,7,0.0
unlock,random,6,8,0.0
unlock,random,6,9,0.0
unlock,random,7,0,0.0
unlock,random,7,1,0.0
unlock,random,7,2,0.0
unlock,random,7,3,0.0
unlock,random,7,4,0.0
unlock,random,7,5,0.0
unlock,random,7,6,0.0
unlock,random,7,7,0.0
unlock,random,7,8,0.0
unlock,random,7,9,0.0
unlock,random,8,0,0.0
unlock,random,8,1,0.0
unlock,random,8,2,0.0
unlock,random,8,3,0.0
unlock,random,8,4,0.0
unlock,random,8,5,0.0
unlock,random,8,6,0.0
unlock,random,8,7,0.0
unlock,random,8,8,0.0
unlock,random,8,9,0.0
unlock,random,9,0,0.0
unlock,random,9,1,0.0
unlock,random,9,2,0.0
unlock,random,9,3,0.0
unlock,random,9,4,0.0
unlock,random,9,5,0.0
unlock,random,9,6,0.0
unlock,random,9,7,0.0
unlock,random,9,8,0.0
unlock,random,9,9,0.0
four_rooms,random,0,0,0.0
four_rooms,random,0,1,0.0
four_rooms,random,0,2,0.0
four_rooms,random,0,3,0.0
four_rooms,random,0,4,0.0
four_rooms,random,0,5,0.0
four_rooms,random,0,6,0.0
four_rooms,random,0,7,0.0
four_rooms,random,0,8,0.0
four_rooms,random,0,9,0.0
four_rooms,random,1,0,0.0
four_rooms,random,1,1,0.0
four_rooms,random,1,2,0.0
four_rooms,random,1,3,0.0
four_rooms,random,1,4,0.0
four_rooms,random,1,5,0.0
four_rooms,random,1,6,0.0
four_rooms,random,1,7,0.0
four_rooms,random,1,8,0.0
four_rooms,random,1,9,0.0
four_rooms,random,2,0,0.0
four_rooms,random,2,1,0.0
four_rooms,random,2,2,0.0
four_rooms,random,2,3,0.0
four_rooms,random,2,4,0.0
four_rooms,random,2,5,0.0
four_rooms,random,2,6,0.0
four_rooms,random,2,7,0.0
four_rooms,random,2,8,0.0
four_rooms,random,2,9,0.0
four_rooms,random,3,0,0.0
four_rooms,random,3,1,0.0
four_rooms,random,3,2,0.0
four_rooms,random,3,3,0.0
four_rooms,random,3,4,0.0
four_rooms,random,3,5,0.0
four_rooms,random,3,6,0.0
four_rooms,random,3,7,0.0
four_rooms,random,3,8,0.0
four_rooms,random,3,9,0.0
four_rooms,random,4,0,0.0
four_rooms,random,4,1,0.0
four_rooms,random,4,2,0.0
four_rooms,random,4,3,0.0
four_rooms,random,4,4,0.0
four_rooms,random,4,5,0.0
four_rooms,random,4,6,0.0
four_rooms,random,4,7,0.0
four_rooms,random,4,8,0.0
four_rooms,random,4,9,0.0
four_rooms,random,5,0,0.0
four_rooms,random,5,1,0.0
four_rooms,random,5,2,0.0
four_rooms,random,5,3,0.0
four_rooms,random,5,4,0.0
four_rooms,random,5,5,0.0
four_rooms,random,5,6,0.0
four_rooms,random,5,7,0.0
four_rooms,random,5,8,0.0
four_rooms,random,5,9,0.0
four_rooms,random,6,0,0.0
four_rooms,random,6,1,0.0
four_rooms,random,6,2,0.0
four_rooms,random,6,3,0.0
four_rooms,random,6,4,0.0
four_rooms,random,6,5,0.0
four_rooms,random,6,6,0.0
four_rooms,random,6,7,0.0
four_rooms,random,6,8,0.0
four_rooms,random,6,9,0.0
four_rooms,random,7,0,0.0
four_rooms,random,7,1,0.0
four_rooms,random,7,2,0.0
four_rooms,random,7,3,0.0
four_rooms,random,7,4,0.0
four_rooms,random,7,5,0.0
four_rooms,random,7,6,0.0
four_rooms,random,7,7,0.0
four_rooms,random,7,8,0.0
four_rooms,random,7,9,0.0
four_rooms,random,8,0,0.0
four_rooms,random,8,1,0.0
four_rooms,random,8,2,0.0
four_rooms,random,8,3,0.0
four_rooms,random,8,4,0.0
four_rooms,random,8,5,0.0
four_rooms,random,8,6,0.0
four_rooms,random,8,7,0.0
four_rooms,random,8,8,0.0
four_rooms,random,8,9,0.0
four_rooms,random,9,0,0.0
four_rooms,random,9,1,0.0
four_rooms,random,9,2,0.0
four_rooms,random,9,3,0.0
four_rooms,random,9,4,0.0
four_rooms,random,9,5,0.0
four_rooms,random,9,6,0.0
four_rooms,random,9,7,0.0
four_rooms,random,9,8,0.0
four_rooms,random,9,9,0.0
four_rooms,ours,1,0,0.5031373679776306
four_rooms,ours,1,1,0.41948965459540316
four_rooms,ours,1,2,0.33589851774974244
four_rooms,ours,1,3,0.46407788832877006
four_rooms,ours,1,4,0.34974856075566685
four_rooms,ours,1,5,0.41948965459540316
four_rooms,ours,1,6,0.0
four_rooms,ours,1,7,0.4367863958719317
four_rooms,ours,1,8,0.5566166524310581
four_rooms,ours,1,9,0.5031373679776306
